fsq_id,categories,chains,closed_bucket,distance,link,name_x,timezone,geocodes.main.latitude,geocodes.main.longitude,geocodes.roof.latitude,geocodes.roof.longitude,location.address,location.census_block,location.country,location.dma,location.formatted_address,location.locality,location.postcode,location.region,location.address_extended,location.cross_street,geocodes.drop_off.latitude,geocodes.drop_off.longitude,geocodes.front_door.latitude,geocodes.front_door.longitude,related_places.parent.fsq_id,related_places.parent.categories,related_places.parent.name,station,related_places.children,Unnamed: 0,name_y,longitude,latitude,free_bikes,empty_slots
4bb0c114f964a520085a3ce3,"[{'id': 13055, 'name': 'Fried Chicken Joint', 'short_name': 'Fried Chicken', 'plural_name': 'Fried Chicken Joints', 'icon': {'prefix': 'https://ss3.4sqi.net/img/categories_v2/food/friedchicken_', 'suffix': '.png'}}, {'id': 13068, 'name': 'American Restaurant', 'short_name': 'American', 'plural_name': 'American Restaurants', 'icon': {'prefix': 'https://ss3.4sqi.net/img/categories_v2/food/default_', 'suffix': '.png'}}, {'id': 13145, 'name': 'Fast Food Restaurant', 'short_name': 'Fast Food', 'plural_name': 'Fast Food Restaurants', 'icon': {'prefix': 'https://ss3.4sqi.net/img/categories_v2/food/fastfood_', 'suffix': '.png'}}]","[{'id': '16d16020-992b-0132-fd75-7a163eb2a6fc', 'name': 'Chick-fil-A'}]",VeryLikelyOpen,421,/v3/places/4bb0c114f964a520085a3ce3,Chick-fil-A,America/Chicago,36.370851,-94.220982,36.370851,-94.220982,209 S Walton Blvd,50070206042005,US,Fort Smith-Fay-Sprngdl,"209 S Walton Blvd, Bentonville, AR 72712",Bentonville,72712,AR,,,,,,,,,,0,,0,Walmart International,-94.2196,36.36721,7,6
53cea5ae498e6131500c1fd9,"[{'id': 13003, 'name': 'Bar', 'short_name': 'Bar', 'plural_name': 'Bars', 'icon': {'prefix': 'https://ss3.4sqi.net/img/categories_v2/nightlife/pub_', 'suffix': '.png'}}, {'id': 13064, 'name': 'Pizzeria', 'short_name': 'Pizza', 'plural_name': 'Pizzerias', 'icon': {'prefix': 'https://ss3.4sqi.net/img/categories_v2/food/pizza_', 'suffix': '.png'}}]",[],Unsure,803,/v3/places/53cea5ae498e6131500c1fd9,The Pedaler S Pub,America/Chicago,36.367122,-94.210646,36.367122,-94.210646,410 SW A St,50070206042021,US,Fort Smith-Fay-Sprngdl,"410 SW A St, Bentonville, AR 72712",Bentonville,72712,AR,Ste 8,,,,,,,,,0,,0,Walmart International,-94.2196,36.36721,7,6
5862a1f1158b96178898ea98,"[{'id': 13148, 'name': 'French Restaurant', 'short_name': 'French', 'plural_name': 'French Restaurants', 'icon': {'prefix': 'https://ss3.4sqi.net/img/categories_v2/food/french_', 'suffix': '.png'}}, {'id': 13334, 'name': 'Sandwich Spot', 'short_name': 'Sandwich Spot', 'plural_name': 'Sandwich Spots', 'icon': {'prefix': 'https://ss3.4sqi.net/img/categories_v2/food/deli_', 'suffix': '.png'}}]",[],Unsure,949,/v3/places/5862a1f1158b96178898ea98,Crepes Paulette,America/Chicago,36.364644,-94.209418,36.364644,-94.209418,100 SW 8th St,50070205042018,US,Fort Smith-Fay-Sprngdl,"100 SW 8th St (SW A Street), Bentonville, AR 72712",Bentonville,72712,AR,Ste 4,SW A Street,,,,,,,,0,,0,Walmart International,-94.2196,36.36721,7,6
4b8dbf13f964a520bb0b33e3,"[{'id': 13031, 'name': 'Burger Joint', 'short_name': 'Burgers', 'plural_name': 'Burger Joints', 'icon': {'prefix': 'https://ss3.4sqi.net/img/categories_v2/food/burger_', 'suffix': '.png'}}, {'id': 13145, 'name': 'Fast Food Restaurant', 'short_name': 'Fast Food', 'plural_name': 'Fast Food Restaurants', 'icon': {'prefix': 'https://ss3.4sqi.net/img/categories_v2/food/fastfood_', 'suffix': '.png'}}]","[{'id': 'ab4ae740-d68a-012e-5619-003048cad9da', 'name': ""Wendy's""}]",VeryLikelyOpen,452,/v3/places/4b8dbf13f964a520bb0b33e3,Wendy's,America/Chicago,36.363141,-94.219442,36.363141,-94.219442,814 S Walton Blvd,50070206043006,US,Fort Smith-Fay-Sprngdl,"814 S Walton Blvd, Bentonville, AR 72712",Bentonville,72712,AR,,,,,,,,,,0,,0,Walmart International,-94.2196,36.36721,7,6
5441b307498e6bd51dec7685,"[{'id': 13003, 'name': 'Bar', 'short_name': 'Bar', 'plural_name': 'Bars', 'icon': {'prefix': 'https://ss3.4sqi.net/img/categories_v2/nightlife/pub_', 'suffix': '.png'}}, {'id': 13029, 'name': 'Brewery', 'short_name': 'Brewery', 'plural_name': 'Breweries', 'icon': {'prefix': 'https://ss3.4sqi.net/img/categories_v2/food/brewery_', 'suffix': '.png'}}, {'id': 13065, 'name': 'Restaurant', 'short_name': 'Restaurant', 'plural_name': 'Restaurants', 'icon': {'prefix': 'https://ss3.4sqi.net/img/categories_v2/food/default_', 'suffix': '.png'}}]",[],Unsure,803,/v3/places/5441b307498e6bd51dec7685,Bike Rack Brewing Co.,America/Chicago,36.36723,-94.210696,36.36723,-94.210696,410 SW A St,50070206042021,US,Fort Smith-Fay-Sprngdl,"410 SW A St, Bentonville, AR 72712",Bentonville,72712,AR,Ste 6,,,,,,,,,0,,0,Walmart International,-94.2196,36.36721,7,6
4ba15e03f964a520a4b037e3,"[{'id': 13145, 'name': 'Fast Food Restaurant', 'short_name': 'Fast Food', 'plural_name': 'Fast Food Restaurants', 'icon': {'prefix': 'https://ss3.4sqi.net/img/categories_v2/food/fastfood_', 'suffix': '.png'}}, {'id': 13303, 'name': 'Mexican Restaurant', 'short_name': 'Mexican', 'plural_name': 'Mexican Restaurants', 'icon': {'prefix': 'https://ss3.4sqi.net/img/categories_v2/food/mexican_', 'suffix': '.png'}}, {'id': 13306, 'name': 'Taco Restaurant', 'short_name': 'Tacos', 'plural_name': 'Taco Restaurants', 'icon': {'prefix': 'https://ss3.4sqi.net/img/categories_v2/food/taco_', 'suffix': '.png'}}]","[{'id': 'ab4b8010-d68a-012e-5619-003048cad9da', 'name': 'Taco Bell'}]",VeryLikelyOpen,584,/v3/places/4ba15e03f964a520a4b037e3,Taco Bell,America/Chicago,36.372173,-94.222018,36.372095,-94.222027,102 S Walton Blvd,50070206061038,US,Fort Smith-Fay-Sprngdl,"102 S Walton Blvd, Bentonville, AR 72712",Bentonville,72712,AR,,,36.37207,-94.221657,36.372173,-94.222018,,,,0,,0,Walmart International,-94.2196,36.36721,7,6
4f2dd80fe4b0d411bb846af4,"[{'id': 13303, 'name': 'Mexican Restaurant', 'short_name': 'Mexican', 'plural_name': 'Mexican Restaurants', 'icon': {'prefix': 'https://ss3.4sqi.net/img/categories_v2/food/mexican_', 'suffix': '.png'}}]",[],LikelyOpen,951,/v3/places/4f2dd80fe4b0d411bb846af4,Las Palmas,America/Chicago,36.375592,-94.221753,36.375592,-94.221753,301 N Walton Blvd,50070206061028,US,Fort Smith-Fay-Sprngdl,"301 N Walton Blvd (3rd Street), Bentonville, AR 72712",Bentonville,72712,AR,,3rd Street,,,,,,,,0,,0,Walmart International,-94.2196,36.36721,7,6
4b75eb7cf964a520e82e2ee3,"[{'id': 13145, 'name': 'Fast Food Restaurant', 'short_name': 'Fast Food', 'plural_name': 'Fast Food Restaurants', 'icon': {'prefix': 'https://ss3.4sqi.net/img/categories_v2/food/fastfood_', 'suffix': '.png'}}, {'id': 13388, 'name': 'Wings Joint', 'short_name': 'Wings', 'plural_name': 'Wings Joints', 'icon': {'prefix': 'https://ss3.4sqi.net/img/categories_v2/food/wings_', 'suffix': '.png'}}]","[{'id': 'f8567cff-cda7-4bed-81e1-ee4517377bdc', 'name': 'Wingstop'}]",VeryLikelyOpen,901,/v3/places/4b75eb7cf964a520e82e2ee3,Wingstop,America/Chicago,36.374969,-94.222023,36.374969,-94.222023,231 N Walton Blvd,50070206061034,US,Fort Smith-Fay-Sprngdl,"231 N Walton Blvd, Bentonville, AR 72712",Bentonville,72712,AR,Ste 1,,,,,,,,,0,,0,Walmart International,-94.2196,36.36721,7,6
653bb1fabb9b727ba56a0e0a,"[{'id': 13035, 'name': 'Coffee Shop', 'short_name': 'Coffee Shop', 'plural_name': 'Coffee Shops', 'icon': {'prefix': 'https://ss3.4sqi.net/img/categories_v2/food/coffeeshop_', 'suffix': '.png'}}]","[{'id': 'ab4c54c0-d68a-012e-5619-003048cad9da', 'name': 'Starbucks'}]",VeryLikelyOpen,697,/v3/places/653bb1fabb9b727ba56a0e0a,Starbucks,America/Chicago,36.360378,-94.215654,,,1101 S Walton Blvd,50070206042032,US,Fort Smith-Fay-Sprngdl,"1101 S Walton Blvd, Bentonville, AR 72712",Bentonville,72712,AR,,,,,,,,,,0,,0,Walmart International,-94.2196,36.36721,7,6
4b9e6648f964a52041e036e3,"[{'id': 13303, 'name': 'Mexican Restaurant', 'short_name': 'Mexican', 'plural_name': 'Mexican Restaurants', 'icon': {'prefix': 'https://ss3.4sqi.net/img/categories_v2/food/mexican_', 'suffix': '.png'}}]",[],Unsure,954,/v3/places/4b9e6648f964a52041e036e3,Marcitos,America/Chicago,36.364665,-94.209342,36.364665,-94.209342,706 S Main St,50070205042018,US,Fort Smith-Fay-Sprngdl,"706 S Main St (8th Street), Bentonville, AR 72712",Bentonville,72712,AR,Ste 6,8th Street,,,,,,,,0,,0,Walmart International,-94.2196,36.36721,7,6
5b61ee4a1953f3002c6354fb,"[{'id': 13035, 'name': 'Coffee Shop', 'short_name': 'Coffee Shop', 'plural_name': 'Coffee Shops', 'icon': {'prefix': 'https://ss3.4sqi.net/img/categories_v2/food/coffeeshop_', 'suffix': '.png'}}]","[{'id': '423c7cca-c445-4761-8823-de54a40a3094', 'name': ""Scooter's Coffee""}]",VeryLikelyOpen,515,/v3/places/5b61ee4a1953f3002c6354fb,Scotters Coffee,America/Chicago,36.371404,-94.222094,36.371404,-94.222094,206 S Walton Blvd,50070206043000,US,Fort Smith-Fay-Sprngdl,"206 S Walton Blvd, Bentonville, AR 72712",Bentonville,72712,AR,,,,,,,,,,0,,0,Walmart International,-94.2196,36.36721,7,6
4c3f7b8bda3dc9289ff1c5b9,"[{'id': 13046, 'name': 'Ice Cream Parlor', 'short_name': 'Ice Cream', 'plural_name': 'Ice Cream Parlors', 'icon': {'prefix': 'https://ss3.4sqi.net/img/categories_v2/food/icecream_', 'suffix': '.png'}}, {'id': 13065, 'name': 'Restaurant', 'short_name': 'Restaurant', 'plural_name': 'Restaurants', 'icon': {'prefix': 'https://ss3.4sqi.net/img/categories_v2/food/default_', 'suffix': '.png'}}]",[],Unsure,831,/v3/places/4c3f7b8bda3dc9289ff1c5b9,Frozen Tung,America/Chicago,36.365694,-94.210502,,,604 SW A St,50070206042029,US,Fort Smith-Fay-Sprngdl,"604 SW A St (By 8th St.), Bentonville, AR 72712",Bentonville,72712,AR,,By 8th St.,,,,,,,,0,,0,Walmart International,-94.2196,36.36721,7,6
4e8f2ec129c2117fa34f4ffa,"[{'id': 13099, 'name': 'Chinese Restaurant', 'short_name': 'Chinese', 'plural_name': 'Chinese Restaurants', 'icon': {'prefix': 'https://ss3.4sqi.net/img/categories_v2/food/asian_', 'suffix': '.png'}}, {'id': 13145, 'name': 'Fast Food Restaurant', 'short_name': 'Fast Food', 'plural_name': 'Fast Food Restaurants', 'icon': {'prefix': 'https://ss3.4sqi.net/img/categories_v2/food/fastfood_', 'suffix': '.png'}}]","[{'id': '16e2ce50-992b-0132-fd75-7a163eb2a6fc', 'name': 'Panda Express'}]",VeryLikelyOpen,298,/v3/places/4e8f2ec129c2117fa34f4ffa,Panda Express,America/Chicago,36.369602,-94.221306,36.369602,-94.221306,319 S Walton Blvd,50070206042005,US,Fort Smith-Fay-Sprngdl,"319 S Walton Blvd, Bentonville, AR 72712",Bentonville,72712,AR,,,,,,,,,,0,,0,Walmart International,-94.2196,36.36721,7,6
4eb47221b8f786e274c7e9c7,"[{'id': 13064, 'name': 'Pizzeria', 'short_name': 'Pizza', 'plural_name': 'Pizzerias', 'icon': {'prefix': 'https://ss3.4sqi.net/img/categories_v2/food/pizza_', 'suffix': '.png'}}, {'id': 13145, 'name': 'Fast Food Restaurant', 'short_name': 'Fast Food', 'plural_name': 'Fast Food Restaurants', 'icon': {'prefix': 'https://ss3.4sqi.net/img/categories_v2/food/fastfood_', 'suffix': '.png'}}]","[{'id': 'ab4ab7c0-d68a-012e-5619-003048cad9da', 'name': ""Papa John's Pizza""}]",VeryLikelyOpen,901,/v3/places/4eb47221b8f786e274c7e9c7,Papa John's Pizza,America/Chicago,36.375057,-94.22215,36.375057,-94.22215,231 N Walton Blvd,50070206061034,US,Fort Smith-Fay-Sprngdl,"231 N Walton Blvd, Bentonville, AR 72712",Bentonville,72712,AR,Ste 5,,,,,,,,,0,,0,Walmart International,-94.2196,36.36721,7,6
4b50b9ebf964a520882f27e3,"[{'id': 13303, 'name': 'Mexican Restaurant', 'short_name': 'Mexican', 'plural_name': 'Mexican Restaurants', 'icon': {'prefix': 'https://ss3.4sqi.net/img/categories_v2/food/mexican_', 'suffix': '.png'}}]",[],LikelyOpen,390,/v3/places/4b50b9ebf964a520882f27e3,Acambaro Mexican Restaurant,America/Chicago,36.370569,-94.220895,36.370569,-94.220895,301 S Walton Blvd,50070206042005,US,Fort Smith-Fay-Sprngdl,"301 S Walton Blvd, Bentonville, AR 72712",Bentonville,72712,AR,,,,,,,,,,0,,0,Walmart International,-94.2196,36.36721,7,6
4bd03c94046076b0cc8a6f71,"[{'id': 13068, 'name': 'American Restaurant', 'short_name': 'American', 'plural_name': 'American Restaurants', 'icon': {'prefix': 'https://ss3.4sqi.net/img/categories_v2/food/default_', 'suffix': '.png'}}, {'id': 13145, 'name': 'Fast Food Restaurant', 'short_name': 'Fast Food', 'plural_name': 'Fast Food Restaurants', 'icon': {'prefix': 'https://ss3.4sqi.net/img/categories_v2/food/fastfood_', 'suffix': '.png'}}]","[{'id': '16e78f60-992b-0132-fd75-7a163eb2a6fc', 'name': 'Sonic Drive-In'}]",VeryLikelyOpen,473,/v3/places/4bd03c94046076b0cc8a6f71,Sonic Drive-In,America/Chicago,36.370993,-94.222033,36.370993,-94.222033,208 S Walton Blvd,50070206043000,US,Fort Smith-Fay-Sprngdl,"208 S Walton Blvd, Bentonville, AR 72712",Bentonville,72712,AR,,,,,,,,,,0,,0,Walmart International,-94.2196,36.36721,7,6
3a8568fed73845a265a80346,"[{'id': 13303, 'name': 'Mexican Restaurant', 'short_name': 'Mexican', 'plural_name': 'Mexican Restaurants', 'icon': {'prefix': 'https://ss3.4sqi.net/img/categories_v2/food/mexican_', 'suffix': '.png'}}]",[],LikelyOpen,327,/v3/places/3a8568fed73845a265a80346,Salsarita's Fresh Mexican Grill,America/Chicago,36.364849,-94.217657,36.364849,-94.217657,702 SW 8th St,50070206042005,US,Fort Smith-Fay-Sprngdl,"702 SW 8th St, Bentonville, AR 72712",Bentonville,72712,AR,,,,,,,,,,0,,0,Walmart International,-94.2196,36.36721,7,6
4c6d66f3e6b7b1f7409ca98e,"[{'id': 13276, 'name': 'Sushi Restaurant', 'short_name': 'Sushi', 'plural_name': 'Sushi Restaurants', 'icon': {'prefix': 'https://ss3.4sqi.net/img/categories_v2/food/sushi_', 'suffix': '.png'}}, {'id': 13352, 'name': 'Thai Restaurant', 'short_name': 'Thai', 'plural_name': 'Thai Restaurants', 'icon': {'prefix': 'https://ss3.4sqi.net/img/categories_v2/food/thai_', 'suffix': '.png'}}]",[],LikelyOpen,404,/v3/places/4c6d66f3e6b7b1f7409ca98e,Taste Of Siam,America/Chicago,36.370259,-94.222038,36.370259,-94.222038,310 S Walton Blvd,50070206043000,US,Fort Smith-Fay-Sprngdl,"310 S Walton Blvd, Bentonville, AR 72712",Bentonville,72712,AR,,,,,,,,,,0,,0,Walmart International,-94.2196,36.36721,7,6
599281f259fe5c55c9d8ad7f,"[{'id': 13002, 'name': 'Bakery', 'short_name': 'Bakery', 'plural_name': 'Bakeries', 'icon': {'prefix': 'https://ss3.4sqi.net/img/categories_v2/food/bakery_', 'suffix': '.png'}}]","[{'id': '1a89778f-b583-4ecb-936b-671889eacd74', 'name': 'Walmart Bakery'}]",VeryLikelyOpen,486,/v3/places/599281f259fe5c55c9d8ad7f,Walmart Bakery,America/Chicago,36.368196,-94.224902,36.368196,-94.224902,406 S Walton Blvd,50070206043000,US,Fort Smith-Fay-Sprngdl,"406 S Walton Blvd, Bentonville, AR 72712",Bentonville,72712,AR,# 100,,,,,,,,,0,,0,Walmart International,-94.2196,36.36721,7,6
5f5bdca6c23cdf2dc1258501,"[{'id': 13064, 'name': 'Pizzeria', 'short_name': 'Pizza', 'plural_name': 'Pizzerias', 'icon': {'prefix': 'https://ss3.4sqi.net/img/categories_v2/food/pizza_', 'suffix': '.png'}}, {'id': 13145, 'name': 'Fast Food Restaurant', 'short_name': 'Fast Food', 'plural_name': 'Fast Food Restaurants', 'icon': {'prefix': 'https://ss3.4sqi.net/img/categories_v2/food/fastfood_', 'suffix': '.png'}}]","[{'id': 'ab4afc60-d68a-012e-5619-003048cad9da', 'name': ""Domino's Pizza""}]",VeryLikelyOpen,493,/v3/places/5f5bdca6c23cdf2dc1258501,Domino's Pizza,America/Chicago,36.368175,-94.224978,36.368175,-94.224978,406 S Walton Blvd,50070206043000,US,Fort Smith-Fay-Sprngdl,"406 S Walton Blvd, Bentonville, AR 72712",Bentonville,72712,AR,,,,,,,,,,0,,0,Walmart International,-94.2196,36.36721,7,6
4f2ae281e4b05997ed84c6c9,"[{'id': 13035, 'name': 'Coffee Shop', 'short_name': 'Coffee Shop', 'plural_name': 'Coffee Shops', 'icon': {'prefix': 'https://ss3.4sqi.net/img/categories_v2/food/coffeeshop_', 'suffix': '.png'}}, {'id': 13065, 'name': 'Restaurant', 'short_name': 'Restaurant', 'plural_name': 'Restaurants', 'icon': {'prefix': 'https://ss3.4sqi.net/img/categories_v2/food/default_', 'suffix': '.png'}}]",[],LikelyOpen,507,/v3/places/4f2ae281e4b05997ed84c6c9,Starbucks GPC HQ,America/Chicago,36.364878,-94.214627,36.364878,-94.214627,508 SW 8th St,50070206042027,US,Fort Smith-Fay-Sprngdl,"508 SW 8th St, Bentonville, AR 72712",Bentonville,72712,AR,,,,,,,,,,0,,0,Walmart International,-94.2196,36.36721,7,6
4f3226c319836c91c7bb3885,"[{'id': 13099, 'name': 'Chinese Restaurant', 'short_name': 'Chinese', 'plural_name': 'Chinese Restaurants', 'icon': {'prefix': 'https://ss3.4sqi.net/img/categories_v2/food/asian_', 'suffix': '.png'}}]",[],Unsure,717,/v3/places/4f3226c319836c91c7bb3885,China Linq,America/Chicago,36.372847,-94.223532,36.372847,-94.223532,918 W Central Ave,50070206061035,US,Fort Smith-Fay-Sprngdl,"918 W Central Ave, Bentonville, AR 72712",Bentonville,72712,AR,,,,,,,,,,0,,0,Walmart International,-94.2196,36.36721,7,6
3ba5247b52914d672ac1c7a6,"[{'id': 13033, 'name': 'Bubble Tea Shop', 'short_name': 'Bubble Tea', 'plural_name': 'Bubble Tea Shops', 'icon': {'prefix': 'https://ss3.4sqi.net/img/categories_v2/food/bubble_', 'suffix': '.png'}}, {'id': 13099, 'name': 'Chinese Restaurant', 'short_name': 'Chinese', 'plural_name': 'Chinese Restaurants', 'icon': {'prefix': 'https://ss3.4sqi.net/img/categories_v2/food/asian_', 'suffix': '.png'}}]",[],VeryLikelyOpen,822,/v3/places/3ba5247b52914d672ac1c7a6,PX Asian Food Truck,America/Chicago,36.367812,-94.210578,36.367812,-94.210578,404 SW A St,50070206042021,US,Fort Smith-Fay-Sprngdl,"404 SW A St, Bentonville, AR 72712",Bentonville,72712,AR,,,36.36781,-94.210307,,,,,,0,,0,Walmart International,-94.2196,36.36721,7,6
a3f75e6a37d34ee712b8321e,"[{'id': 13002, 'name': 'Bakery', 'short_name': 'Bakery', 'plural_name': 'Bakeries', 'icon': {'prefix': 'https://ss3.4sqi.net/img/categories_v2/food/bakery_', 'suffix': '.png'}}, {'id': 13065, 'name': 'Restaurant', 'short_name': 'Restaurant', 'plural_name': 'Restaurants', 'icon': {'prefix': 'https://ss3.4sqi.net/img/categories_v2/food/default_', 'suffix': '.png'}}]",[],VeryLikelyOpen,833,/v3/places/a3f75e6a37d34ee712b8321e,Larissa's Little Bakery,America/Chicago,36.364825,-94.210101,36.364825,-94.210101,720 SW A St,50070205042018,US,Fort Smith-Fay-Sprngdl,"720 SW A St, Bentonville, AR 72712",Bentonville,72712,AR,,,36.364817,-94.210351,,,,,,0,,0,Walmart International,-94.2196,36.36721,7,6
4d135b1b2e583704ab65ebd1,"[{'id': 13001, 'name': 'Bagel Shop', 'short_name': 'Bagels', 'plural_name': 'Bagel Shops', 'icon': {'prefix': 'https://ss3.4sqi.net/img/categories_v2/food/bagels_', 'suffix': '.png'}}, {'id': 13065, 'name': 'Restaurant', 'short_name': 'Restaurant', 'plural_name': 'Restaurants', 'icon': {'prefix': 'https://ss3.4sqi.net/img/categories_v2/food/default_', 'suffix': '.png'}}]",[],Unsure,848,/v3/places/4d135b1b2e583704ab65ebd1,Old Tyme Donuts,America/Chicago,36.360245,-94.215706,36.360245,-94.215706,1101 S Walton Blvd,50070206042032,US,Fort Smith-Fay-Sprngdl,"1101 S Walton Blvd, Bentonville, AR 72712",Bentonville,72712,AR,,,,,,,,,,0,,0,Walmart International,-94.2196,36.36721,7,6
5d65ec384d67cb00086168d8,"[{'id': 13046, 'name': 'Ice Cream Parlor', 'short_name': 'Ice Cream', 'plural_name': 'Ice Cream Parlors', 'icon': {'prefix': 'https://ss3.4sqi.net/img/categories_v2/food/icecream_', 'suffix': '.png'}}, {'id': 13065, 'name': 'Restaurant', 'short_name': 'Restaurant', 'plural_name': 'Restaurants', 'icon': {'prefix': 'https://ss3.4sqi.net/img/categories_v2/food/default_', 'suffix': '.png'}}]",[],Unsure,848,/v3/places/5d65ec384d67cb00086168d8,Trash Creamery,America/Chicago,36.367784,-94.210008,36.367784,-94.210008,401 SW A St,50070205012028,US,Fort Smith-Fay-Sprngdl,"401 SW A St, Bentonville, AR 72712",Bentonville,72712,AR,Ste 101,,36.367786,-94.210307,,,,,,0,,0,Walmart International,-94.2196,36.36721,7,6
507a120be4b00eb8619f4abb,"[{'id': 13064, 'name': 'Pizzeria', 'short_name': 'Pizza', 'plural_name': 'Pizzerias', 'icon': {'prefix': 'https://ss3.4sqi.net/img/categories_v2/food/pizza_', 'suffix': '.png'}}]",[],Unsure,857,/v3/places/507a120be4b00eb8619f4abb,Jim's Razorback Pizza,America/Chicago,36.374848,-94.220895,36.374848,-94.220895,226 N Walton Blvd,50070206052022,US,Fort Smith-Fay-Sprngdl,"226 N Walton Blvd, Bentonville, AR 72712",Bentonville,72712,AR,,,,,,,,,,0,,0,Walmart International,-94.2196,36.36721,7,6
5c4bbf0b79f6c7002c1a75e1,"[{'id': 13009, 'name': 'Cocktail Bar', 'short_name': 'Cocktail', 'plural_name': 'Cocktail Bars', 'icon': {'prefix': 'https://ss3.4sqi.net/img/categories_v2/nightlife/cocktails_', 'suffix': '.png'}}, {'id': 13016, 'name': 'Lounge', 'short_name': 'Lounge', 'plural_name': 'Lounges', 'icon': {'prefix': 'https://ss3.4sqi.net/img/categories_v2/nightlife/default_', 'suffix': '.png'}}, {'id': 13025, 'name': 'Wine Bar', 'short_name': 'Wine Bar', 'plural_name': 'Wine Bars', 'icon': {'prefix': 'https://ss3.4sqi.net/img/categories_v2/food/winery_', 'suffix': '.png'}}]",[],Unsure,859,/v3/places/5c4bbf0b79f6c7002c1a75e1,The Nines Bentonville,America/Chicago,36.367784,-94.210008,36.367784,-94.210008,401 SW A St,50070205012028,US,Fort Smith-Fay-Sprngdl,"401 SW A St (SW 4th St), Bentonville, AR 72712",Bentonville,72712,AR,,SW 4th St,36.367786,-94.210307,,,,,,0,,0,Walmart International,-94.2196,36.36721,7,6
5f5055f8a6f92e0a0d296713,"[{'id': 13003, 'name': 'Bar', 'short_name': 'Bar', 'plural_name': 'Bars', 'icon': {'prefix': 'https://ss3.4sqi.net/img/categories_v2/nightlife/pub_', 'suffix': '.png'}}, {'id': 13065, 'name': 'Restaurant', 'short_name': 'Restaurant', 'plural_name': 'Restaurants', 'icon': {'prefix': 'https://ss3.4sqi.net/img/categories_v2/food/default_', 'suffix': '.png'}}]",[],LikelyOpen,859,/v3/places/5f5055f8a6f92e0a0d296713,Night Owl Tavern,America/Chicago,36.367719,-94.210021,36.367719,-94.210021,401 SW A St,50070205012028,US,Fort Smith-Fay-Sprngdl,"401 SW A St, Bentonville, AR 72712",Bentonville,72712,AR,,,,,,,,,,0,,0,Walmart International,-94.2196,36.36721,7,6
57ea8223498ebb1ba1187e9a,"[{'id': 13054, 'name': 'Food Truck', 'short_name': 'Food Truck', 'plural_name': 'Food Trucks', 'icon': {'prefix': 'https://ss3.4sqi.net/img/categories_v2/food/streetfood_', 'suffix': '.png'}}]",[],Unsure,862,/v3/places/57ea8223498ebb1ba1187e9a,Senor Hogg's,America/Chicago,36.367223,-94.210049,36.367223,-94.210049,405 SW A St,50070205012028,US,Fort Smith-Fay-Sprngdl,"405 SW A St, Bentonville, AR 72712",Bentonville,72712,AR,,,,,,,,,,0,,0,Walmart International,-94.2196,36.36721,7,6
62c0752cb4a9b9362ed37ba5,"[{'id': 13003, 'name': 'Bar', 'short_name': 'Bar', 'plural_name': 'Bars', 'icon': {'prefix': 'https://ss3.4sqi.net/img/categories_v2/nightlife/pub_', 'suffix': '.png'}}, {'id': 13065, 'name': 'Restaurant', 'short_name': 'Restaurant', 'plural_name': 'Restaurants', 'icon': {'prefix': 'https://ss3.4sqi.net/img/categories_v2/food/default_', 'suffix': '.png'}}]",[],Unsure,868,/v3/places/62c0752cb4a9b9362ed37ba5,Rope Hounds,America/Chicago,36.367264,-94.209897,36.367264,-94.209897,407 SW A St,50070205012028,US,Fort Smith-Fay-Sprngdl,"407 SW A St, Bentonville, AR 72712",Bentonville,72712,AR,,,36.367267,-94.210311,,,,,,0,,0,Walmart International,-94.2196,36.36721,7,6
53bc1f30498e09a2d6403c79,"[{'id': 13054, 'name': 'Food Truck', 'short_name': 'Food Truck', 'plural_name': 'Food Trucks', 'icon': {'prefix': 'https://ss3.4sqi.net/img/categories_v2/food/streetfood_', 'suffix': '.png'}}]",[],Unsure,885,/v3/places/53bc1f30498e09a2d6403c79,Trickdilly,America/Chicago,36.3667,-94.209723,36.3667,-94.209723,501 SW A St,50070205042016,US,Fort Smith-Fay-Sprngdl,"501 SW A St, Bentonville, AR 72712",Bentonville,72712,AR,,,,,,,,,,0,,0,Walmart International,-94.2196,36.36721,7,6
5bd1f823cbcdee002c09f924,"[{'id': 13053, 'name': 'Food Stand', 'short_name': 'Food Stand', 'plural_name': 'Food Stands', 'icon': {'prefix': 'https://ss3.4sqi.net/img/categories_v2/travel/movingtarget_', 'suffix': '.png'}}]",[],LikelyOpen,914,/v3/places/5bd1f823cbcdee002c09f924,Cacahuzintle,America/Chicago,36.364499,-94.209951,36.364499,-94.209951,715 SW A St,50070205042018,US,Fort Smith-Fay-Sprngdl,"715 SW A St, Bentonville, AR 72712",Bentonville,72712,AR,,,36.364487,-94.21034,,,,,,0,,0,Walmart International,-94.2196,36.36721,7,6
59b29270e1f0aa6d9e0cf117,"[{'id': 13035, 'name': 'Coffee Shop', 'short_name': 'Coffee Shop', 'plural_name': 'Coffee Shops', 'icon': {'prefix': 'https://ss3.4sqi.net/img/categories_v2/food/coffeeshop_', 'suffix': '.png'}}, {'id': 13065, 'name': 'Restaurant', 'short_name': 'Restaurant', 'plural_name': 'Restaurants', 'icon': {'prefix': 'https://ss3.4sqi.net/img/categories_v2/food/default_', 'suffix': '.png'}}]",[],LikelyOpen,920,/v3/places/59b29270e1f0aa6d9e0cf117,Heroes Coffee,America/Chicago,36.36452,-94.209875,36.36452,-94.209875,124 SW 8th St,50070205042018,US,Fort Smith-Fay-Sprngdl,"124 SW 8th St (A St), Bentonville, AR 72712",Bentonville,72712,AR,,A St,36.364231,-94.209877,,,,,,0,,0,Walmart International,-94.2196,36.36721,7,6
57472b62498e39394b61dae0,"[{'id': 13002, 'name': 'Bakery', 'short_name': 'Bakery', 'plural_name': 'Bakeries', 'icon': {'prefix': 'https://ss3.4sqi.net/img/categories_v2/food/bakery_', 'suffix': '.png'}}, {'id': 13065, 'name': 'Restaurant', 'short_name': 'Restaurant', 'plural_name': 'Restaurants', 'icon': {'prefix': 'https://ss3.4sqi.net/img/categories_v2/food/default_', 'suffix': '.png'}}]",[],Unsure,934,/v3/places/57472b62498e39394b61dae0,Wild Grains Gluten Free Bakery,America/Chicago,36.359611,-94.215114,36.359611,-94.215114,1111 S Walton Blvd,50070206042034,US,Fort Smith-Fay-Sprngdl,"1111 S Walton Blvd, Bentonville, AR 72712",Bentonville,72712,AR,,,36.359363,-94.215388,,,,,,0,,0,Walmart International,-94.2196,36.36721,7,6
5c253dcb724750002cd8c28f,"[{'id': 13035, 'name': 'Coffee Shop', 'short_name': 'Coffee Shop', 'plural_name': 'Coffee Shops', 'icon': {'prefix': 'https://ss3.4sqi.net/img/categories_v2/food/coffeeshop_', 'suffix': '.png'}}, {'id': 13036, 'name': 'Tea Room', 'short_name': 'Tea Room', 'plural_name': 'Tea Rooms', 'icon': {'prefix': 'https://ss3.4sqi.net/img/categories_v2/food/tearoom_', 'suffix': '.png'}}, {'id': 13065, 'name': 'Restaurant', 'short_name': 'Restaurant', 'plural_name': 'Restaurants', 'icon': {'prefix': 'https://ss3.4sqi.net/img/categories_v2/food/default_', 'suffix': '.png'}}]",[],Unsure,936,/v3/places/5c253dcb724750002cd8c28f,Kennedy Coffee,America/Chicago,36.359169,-94.216067,36.359169,-94.216067,1108 S Walton Blvd,50070206043006,US,Fort Smith-Fay-Sprngdl,"1108 S Walton Blvd, Bentonville, AR 72712",Bentonville,72712,AR,,,36.359594,-94.215598,,,4d1272ed1f95236a9e003e06,"[{'id': 11045, 'name': 'Bank', 'short_name': 'Bank', 'plural_name': 'Banks', 'icon': {'prefix': 'https://ss3.4sqi.net/img/categories_v2/shops/financial_', 'suffix': '.png'}}]",First Western Bank,0,,0,Walmart International,-94.2196,36.36721,7,6
4f32714a19836c91c7d840c0,"[{'id': 13046, 'name': 'Ice Cream Parlor', 'short_name': 'Ice Cream', 'plural_name': 'Ice Cream Parlors', 'icon': {'prefix': 'https://ss3.4sqi.net/img/categories_v2/food/icecream_', 'suffix': '.png'}}]","[{'id': '16e84ee0-992b-0132-fd75-7a163eb2a6fc', 'name': 'TCBY'}]",Unsure,937,/v3/places/4f32714a19836c91c7d840c0,TCBY,America/Chicago,36.359169,-94.216067,36.359169,-94.216067,1108 S Walton Blvd,50070206043006,US,Fort Smith-Fay-Sprngdl,"1108 S Walton Blvd, Bentonville, AR 72712",Bentonville,72712,AR,,,,,,,,,,0,,0,Walmart International,-94.2196,36.36721,7,6
615a0801e9afed76e2255910,"[{'id': 13003, 'name': 'Bar', 'short_name': 'Bar', 'plural_name': 'Bars', 'icon': {'prefix': 'https://ss3.4sqi.net/img/categories_v2/nightlife/pub_', 'suffix': '.png'}}]",[],LikelyOpen,944,/v3/places/615a0801e9afed76e2255910,Tree House,America/Chicago,36.36879,-94.209229,36.36879,-94.209229,310 S Main St,50070205012018,US,Fort Smith-Fay-Sprngdl,"310 S Main St, Bentonville, AR 72712",Bentonville,72712,AR,,,36.36879,-94.208895,,,,,,0,,0,Walmart International,-94.2196,36.36721,7,6
6dc723777e11ddb22405b392,"[{'id': 13065, 'name': 'Restaurant', 'short_name': 'Restaurant', 'plural_name': 'Restaurants', 'icon': {'prefix': 'https://ss3.4sqi.net/img/categories_v2/food/default_', 'suffix': '.png'}}]",[],LikelyOpen,631,/v3/places/6dc723777e11ddb22405b392,Rolling Taco Mexican Food,,36.364475,-94.213412,36.364475,-94.213412,410 SW 8th St,50070206042027,US,Fort Smith-Fay-Sprngdl,"410 SW 8th St, Bentonville, AR 72712",Bentonville,72712,AR,,,36.364193,-94.213419,,,,,,0,,0,Walmart International,-94.2196,36.36721,7,6
d502368115b345d94b0eae48,"[{'id': 13009, 'name': 'Cocktail Bar', 'short_name': 'Cocktail', 'plural_name': 'Cocktail Bars', 'icon': {'prefix': 'https://ss3.4sqi.net/img/categories_v2/nightlife/cocktails_', 'suffix': '.png'}}, {'id': 13016, 'name': 'Lounge', 'short_name': 'Lounge', 'plural_name': 'Lounges', 'icon': {'prefix': 'https://ss3.4sqi.net/img/categories_v2/nightlife/default_', 'suffix': '.png'}}, {'id': 13032, 'name': 'Cafe, Coffee, and Tea House', 'short_name': 'Cafe, Coffee, and Tea House', 'plural_name': 'Cafes, Coffee, and Tea Houses', 'icon': {'prefix': 'https://ss3.4sqi.net/img/categories_v2/food/coffeeshop_', 'suffix': '.png'}}]",[],VeryLikelyOpen,801,/v3/places/d502368115b345d94b0eae48,The HUB Bike Lounge,,36.367122,-94.210646,36.367122,-94.210646,410 SW A St,50070206042021,US,Fort Smith-Fay-Sprngdl,"410 SW A St, Bentonville, AR 72712",Bentonville,72712,AR,Ste 2,,36.367119,-94.210312,,,,,,0,,0,Walmart International,-94.2196,36.36721,7,6
10e412a4215740372c7e2891,"[{'id': 13031, 'name': 'Burger Joint', 'short_name': 'Burgers', 'plural_name': 'Burger Joints', 'icon': {'prefix': 'https://ss3.4sqi.net/img/categories_v2/food/burger_', 'suffix': '.png'}}]",[],VeryLikelyOpen,837,/v3/places/10e412a4215740372c7e2891,The Witching Hour,,36.365047,-94.210633,36.365047,-94.210633,704 SW A St,50070206042029,US,Fort Smith-Fay-Sprngdl,"704 SW A St, Bentonville, AR 72712",Bentonville,72712,AR,,,36.365035,-94.210349,,,,,,0,,0,Walmart International,-94.2196,36.36721,7,6
88f1fb8d0d7e4c8622f9aa8d,"[{'id': 13065, 'name': 'Restaurant', 'short_name': 'Restaurant', 'plural_name': 'Restaurants', 'icon': {'prefix': 'https://ss3.4sqi.net/img/categories_v2/food/default_', 'suffix': '.png'}}]",[],VeryLikelyOpen,953,/v3/places/88f1fb8d0d7e4c8622f9aa8d,Spud Doctors,,36.363291,-94.210123,36.363291,-94.210123,903 SW A St,50070205042019,US,Fort Smith-Fay-Sprngdl,"903 SW A St, Bentonville, AR 72712",Bentonville,72712,AR,,,36.363292,-94.210336,,,,,,0,,0,Walmart International,-94.2196,36.36721,7,6
4bb0c114f964a520085a3ce3,"[{'id': 13055, 'name': 'Fried Chicken Joint', 'short_name': 'Fried Chicken', 'plural_name': 'Fried Chicken Joints', 'icon': {'prefix': 'https://ss3.4sqi.net/img/categories_v2/food/friedchicken_', 'suffix': '.png'}}, {'id': 13068, 'name': 'American Restaurant', 'short_name': 'American', 'plural_name': 'American Restaurants', 'icon': {'prefix': 'https://ss3.4sqi.net/img/categories_v2/food/default_', 'suffix': '.png'}}, {'id': 13145, 'name': 'Fast Food Restaurant', 'short_name': 'Fast Food', 'plural_name': 'Fast Food Restaurants', 'icon': {'prefix': 'https://ss3.4sqi.net/img/categories_v2/food/fastfood_', 'suffix': '.png'}}]","[{'id': '16d16020-992b-0132-fd75-7a163eb2a6fc', 'name': 'Chick-fil-A'}]",VeryLikelyOpen,716,/v3/places/4bb0c114f964a520085a3ce3,Chick-fil-A,America/Chicago,36.370851,-94.220982,36.370851,-94.220982,209 S Walton Blvd,50070206042005,US,Fort Smith-Fay-Sprngdl,"209 S Walton Blvd, Bentonville, AR 72712",Bentonville,72712,AR,,,,,,,,,,1,,1,Walmart Supply Chain,-94.2229,36.3771,4,4
4f2dd80fe4b0d411bb846af4,"[{'id': 13303, 'name': 'Mexican Restaurant', 'short_name': 'Mexican', 'plural_name': 'Mexican Restaurants', 'icon': {'prefix': 'https://ss3.4sqi.net/img/categories_v2/food/mexican_', 'suffix': '.png'}}]",[],LikelyOpen,196,/v3/places/4f2dd80fe4b0d411bb846af4,Las Palmas,America/Chicago,36.375592,-94.221753,36.375592,-94.221753,301 N Walton Blvd,50070206061028,US,Fort Smith-Fay-Sprngdl,"301 N Walton Blvd (3rd Street), Bentonville, AR 72712",Bentonville,72712,AR,,3rd Street,,,,,,,,1,,1,Walmart Supply Chain,-94.2229,36.3771,4,4
4b75eb7cf964a520e82e2ee3,"[{'id': 13145, 'name': 'Fast Food Restaurant', 'short_name': 'Fast Food', 'plural_name': 'Fast Food Restaurants', 'icon': {'prefix': 'https://ss3.4sqi.net/img/categories_v2/food/fastfood_', 'suffix': '.png'}}, {'id': 13388, 'name': 'Wings Joint', 'short_name': 'Wings', 'plural_name': 'Wings Joints', 'icon': {'prefix': 'https://ss3.4sqi.net/img/categories_v2/food/wings_', 'suffix': '.png'}}]","[{'id': 'f8567cff-cda7-4bed-81e1-ee4517377bdc', 'name': 'Wingstop'}]",VeryLikelyOpen,236,/v3/places/4b75eb7cf964a520e82e2ee3,Wingstop,America/Chicago,36.374969,-94.222023,36.374969,-94.222023,231 N Walton Blvd,50070206061034,US,Fort Smith-Fay-Sprngdl,"231 N Walton Blvd, Bentonville, AR 72712",Bentonville,72712,AR,Ste 1,,,,,,,,,1,,1,Walmart Supply Chain,-94.2229,36.3771,4,4
4ba15e03f964a520a4b037e3,"[{'id': 13145, 'name': 'Fast Food Restaurant', 'short_name': 'Fast Food', 'plural_name': 'Fast Food Restaurants', 'icon': {'prefix': 'https://ss3.4sqi.net/img/categories_v2/food/fastfood_', 'suffix': '.png'}}, {'id': 13303, 'name': 'Mexican Restaurant', 'short_name': 'Mexican', 'plural_name': 'Mexican Restaurants', 'icon': {'prefix': 'https://ss3.4sqi.net/img/categories_v2/food/mexican_', 'suffix': '.png'}}, {'id': 13306, 'name': 'Taco Restaurant', 'short_name': 'Tacos', 'plural_name': 'Taco Restaurants', 'icon': {'prefix': 'https://ss3.4sqi.net/img/categories_v2/food/taco_', 'suffix': '.png'}}]","[{'id': 'ab4b8010-d68a-012e-5619-003048cad9da', 'name': 'Taco Bell'}]",VeryLikelyOpen,560,/v3/places/4ba15e03f964a520a4b037e3,Taco Bell,America/Chicago,36.372173,-94.222018,36.372095,-94.222027,102 S Walton Blvd,50070206061038,US,Fort Smith-Fay-Sprngdl,"102 S Walton Blvd, Bentonville, AR 72712",Bentonville,72712,AR,,,36.37207,-94.221657,36.372173,-94.222018,,,,1,,1,Walmart Supply Chain,-94.2229,36.3771,4,4
4b814da2f964a520729e30e3,"[{'id': 13046, 'name': 'Ice Cream Parlor', 'short_name': 'Ice Cream', 'plural_name': 'Ice Cream Parlors', 'icon': {'prefix': 'https://ss3.4sqi.net/img/categories_v2/food/icecream_', 'suffix': '.png'}}, {'id': 17057, 'name': 'Food and Beverage Retail', 'short_name': 'Food & Beverage', 'plural_name': 'Food and Beverage Retail', 'icon': {'prefix': 'https://ss3.4sqi.net/img/categories_v2/shops/foodanddrink_', 'suffix': '.png'}}]",[],LikelyOpen,947,/v3/places/4b814da2f964a520729e30e3,Braum's,America/Chicago,36.385423,-94.221785,36.385423,-94.221785,1119 N Walton Blvd,50070206061033,US,Fort Smith-Fay-Sprngdl,"1119 N Walton Blvd, Bentonville, AR 72712",Bentonville,72712,AR,,,,,,,,,,1,,1,Walmart Supply Chain,-94.2229,36.3771,4,4
4eb47221b8f786e274c7e9c7,"[{'id': 13064, 'name': 'Pizzeria', 'short_name': 'Pizza', 'plural_name': 'Pizzerias', 'icon': {'prefix': 'https://ss3.4sqi.net/img/categories_v2/food/pizza_', 'suffix': '.png'}}, {'id': 13145, 'name': 'Fast Food Restaurant', 'short_name': 'Fast Food', 'plural_name': 'Fast Food Restaurants', 'icon': {'prefix': 'https://ss3.4sqi.net/img/categories_v2/food/fastfood_', 'suffix': '.png'}}]","[{'id': 'ab4ab7c0-d68a-012e-5619-003048cad9da', 'name': ""Papa John's Pizza""}]",VeryLikelyOpen,236,/v3/places/4eb47221b8f786e274c7e9c7,Papa John's Pizza,America/Chicago,36.375057,-94.22215,36.375057,-94.22215,231 N Walton Blvd,50070206061034,US,Fort Smith-Fay-Sprngdl,"231 N Walton Blvd, Bentonville, AR 72712",Bentonville,72712,AR,Ste 5,,,,,,,,,1,,1,Walmart Supply Chain,-94.2229,36.3771,4,4
5b61ee4a1953f3002c6354fb,"[{'id': 13035, 'name': 'Coffee Shop', 'short_name': 'Coffee Shop', 'plural_name': 'Coffee Shops', 'icon': {'prefix': 'https://ss3.4sqi.net/img/categories_v2/food/coffeeshop_', 'suffix': '.png'}}]","[{'id': '423c7cca-c445-4761-8823-de54a40a3094', 'name': ""Scooter's Coffee""}]",VeryLikelyOpen,635,/v3/places/5b61ee4a1953f3002c6354fb,Scotters Coffee,America/Chicago,36.371404,-94.222094,36.371404,-94.222094,206 S Walton Blvd,50070206043000,US,Fort Smith-Fay-Sprngdl,"206 S Walton Blvd, Bentonville, AR 72712",Bentonville,72712,AR,,,,,,,,,,1,,1,Walmart Supply Chain,-94.2229,36.3771,4,4
4bba2e081261d13a5854ea98,"[{'id': 13039, 'name': 'Deli', 'short_name': 'Deli', 'plural_name': 'Delis', 'icon': {'prefix': 'https://ss3.4sqi.net/img/categories_v2/food/deli_', 'suffix': '.png'}}, {'id': 13145, 'name': 'Fast Food Restaurant', 'short_name': 'Fast Food', 'plural_name': 'Fast Food Restaurants', 'icon': {'prefix': 'https://ss3.4sqi.net/img/categories_v2/food/fastfood_', 'suffix': '.png'}}, {'id': 13334, 'name': 'Sandwich Spot', 'short_name': 'Sandwich Spot', 'plural_name': 'Sandwich Spots', 'icon': {'prefix': 'https://ss3.4sqi.net/img/categories_v2/food/deli_', 'suffix': '.png'}}]","[{'id': 'ab4bee40-d68a-012e-5619-003048cad9da', 'name': 'Subway'}]",VeryLikelyOpen,590,/v3/places/4bba2e081261d13a5854ea98,Subway,America/Chicago,36.371997,-94.221039,36.371997,-94.221039,813 W Central Ave,50070206042004,US,Fort Smith-Fay-Sprngdl,"813 W Central Ave, Bentonville, AR 72712",Bentonville,72712,AR,Ste 10,,,,,,,,,1,,1,Walmart Supply Chain,-94.2229,36.3771,4,4
4ee24fc430f87dc0a6c23382,"[{'id': 13034, 'name': 'Café', 'short_name': 'Café', 'plural_name': 'Cafés', 'icon': {'prefix': 'https://ss3.4sqi.net/img/categories_v2/food/cafe_', 'suffix': '.png'}}]",[],LikelyOpen,79,/v3/places/4ee24fc430f87dc0a6c23382,Logistics Cool Kids Table,America/Chicago,36.377811,-94.223034,36.377811,-94.223034,North Walton,50070206061028,US,Fort Smith-Fay-Sprngdl,"North Walton, Bentonville, AR 72712",Bentonville,72712,AR,,,,,,,,,,1,,1,Walmart Supply Chain,-94.2229,36.3771,4,4
4e8f2ec129c2117fa34f4ffa,"[{'id': 13099, 'name': 'Chinese Restaurant', 'short_name': 'Chinese', 'plural_name': 'Chinese Restaurants', 'icon': {'prefix': 'https://ss3.4sqi.net/img/categories_v2/food/asian_', 'suffix': '.png'}}, {'id': 13145, 'name': 'Fast Food Restaurant', 'short_name': 'Fast Food', 'plural_name': 'Fast Food Restaurants', 'icon': {'prefix': 'https://ss3.4sqi.net/img/categories_v2/food/fastfood_', 'suffix': '.png'}}]","[{'id': '16e2ce50-992b-0132-fd75-7a163eb2a6fc', 'name': 'Panda Express'}]",VeryLikelyOpen,853,/v3/places/4e8f2ec129c2117fa34f4ffa,Panda Express,America/Chicago,36.369602,-94.221306,36.369602,-94.221306,319 S Walton Blvd,50070206042005,US,Fort Smith-Fay-Sprngdl,"319 S Walton Blvd, Bentonville, AR 72712",Bentonville,72712,AR,,,,,,,,,,1,,1,Walmart Supply Chain,-94.2229,36.3771,4,4
4e4e189cbd4101d0d7a21f6c,"[{'id': 13055, 'name': 'Fried Chicken Joint', 'short_name': 'Fried Chicken', 'plural_name': 'Fried Chicken Joints', 'icon': {'prefix': 'https://ss3.4sqi.net/img/categories_v2/food/friedchicken_', 'suffix': '.png'}}, {'id': 13145, 'name': 'Fast Food Restaurant', 'short_name': 'Fast Food', 'plural_name': 'Fast Food Restaurants', 'icon': {'prefix': 'https://ss3.4sqi.net/img/categories_v2/food/fastfood_', 'suffix': '.png'}}]","[{'id': 'ab4beec0-d68a-012e-5619-003048cad9da', 'name': 'KFC'}]",VeryLikelyOpen,540,/v3/places/4e4e189cbd4101d0d7a21f6c,KFC,America/Chicago,36.381965,-94.221691,36.381965,-94.221691,903 N Walton Blvd,50070206061030,US,Fort Smith-Fay-Sprngdl,"903 N Walton Blvd, Bentonville, AR 72712",Bentonville,72712,AR,,,,,,,,,,1,,1,Walmart Supply Chain,-94.2229,36.3771,4,4
4f327bcc19836c91c7dc3bf7,"[{'id': 13000, 'name': 'Dining and Drinking', 'short_name': 'Dining and Drinking', 'plural_name': 'Dining and Drinking', 'icon': {'prefix': 'https://ss3.4sqi.net/img/categories_v2/food/default_', 'suffix': '.png'}}]",[],Unsure,183,/v3/places/4f327bcc19836c91c7dc3bf7,Butter's Cafe,America/Chicago,36.377245,-94.220844,36.377245,-94.220844,400 N Walton Blvd,50070206052013,US,Fort Smith-Fay-Sprngdl,"400 N Walton Blvd, Bentonville, AR 72712",Bentonville,72712,AR,,,,,,,,,,1,,1,Walmart Supply Chain,-94.2229,36.3771,4,4
4b9c301ff964a520f55236e3,"[{'id': 13303, 'name': 'Mexican Restaurant', 'short_name': 'Mexican', 'plural_name': 'Mexican Restaurants', 'icon': {'prefix': 'https://ss3.4sqi.net/img/categories_v2/food/mexican_', 'suffix': '.png'}}]",[],Unsure,196,/v3/places/4b9c301ff964a520f55236e3,Octavio's Mexican Cuisine,America/Chicago,36.375592,-94.221753,36.375592,-94.221753,301 N Walton Blvd,50070206061028,US,Fort Smith-Fay-Sprngdl,"301 N Walton Blvd, Bentonville, AR 72712",Bentonville,72712,AR,,,,,,,,,,1,,1,Walmart Supply Chain,-94.2229,36.3771,4,4
4bd03c94046076b0cc8a6f71,"[{'id': 13068, 'name': 'American Restaurant', 'short_name': 'American', 'plural_name': 'American Restaurants', 'icon': {'prefix': 'https://ss3.4sqi.net/img/categories_v2/food/default_', 'suffix': '.png'}}, {'id': 13145, 'name': 'Fast Food Restaurant', 'short_name': 'Fast Food', 'plural_name': 'Fast Food Restaurants', 'icon': {'prefix': 'https://ss3.4sqi.net/img/categories_v2/food/fastfood_', 'suffix': '.png'}}]","[{'id': '16e78f60-992b-0132-fd75-7a163eb2a6fc', 'name': 'Sonic Drive-In'}]",VeryLikelyOpen,683,/v3/places/4bd03c94046076b0cc8a6f71,Sonic Drive-In,America/Chicago,36.370993,-94.222033,36.370993,-94.222033,208 S Walton Blvd,50070206043000,US,Fort Smith-Fay-Sprngdl,"208 S Walton Blvd, Bentonville, AR 72712",Bentonville,72712,AR,,,,,,,,,,1,,1,Walmart Supply Chain,-94.2229,36.3771,4,4
507a120be4b00eb8619f4abb,"[{'id': 13064, 'name': 'Pizzeria', 'short_name': 'Pizza', 'plural_name': 'Pizzerias', 'icon': {'prefix': 'https://ss3.4sqi.net/img/categories_v2/food/pizza_', 'suffix': '.png'}}]",[],Unsure,310,/v3/places/507a120be4b00eb8619f4abb,Jim's Razorback Pizza,America/Chicago,36.374848,-94.220895,36.374848,-94.220895,226 N Walton Blvd,50070206052022,US,Fort Smith-Fay-Sprngdl,"226 N Walton Blvd, Bentonville, AR 72712",Bentonville,72712,AR,,,,,,,,,,1,,1,Walmart Supply Chain,-94.2229,36.3771,4,4
4b50b9ebf964a520882f27e3,"[{'id': 13303, 'name': 'Mexican Restaurant', 'short_name': 'Mexican', 'plural_name': 'Mexican Restaurants', 'icon': {'prefix': 'https://ss3.4sqi.net/img/categories_v2/food/mexican_', 'suffix': '.png'}}]",[],LikelyOpen,747,/v3/places/4b50b9ebf964a520882f27e3,Acambaro Mexican Restaurant,America/Chicago,36.370569,-94.220895,36.370569,-94.220895,301 S Walton Blvd,50070206042005,US,Fort Smith-Fay-Sprngdl,"301 S Walton Blvd, Bentonville, AR 72712",Bentonville,72712,AR,,,,,,,,,,1,,1,Walmart Supply Chain,-94.2229,36.3771,4,4
4f3226c319836c91c7bb3885,"[{'id': 13099, 'name': 'Chinese Restaurant', 'short_name': 'Chinese', 'plural_name': 'Chinese Restaurants', 'icon': {'prefix': 'https://ss3.4sqi.net/img/categories_v2/food/asian_', 'suffix': '.png'}}]",[],Unsure,472,/v3/places/4f3226c319836c91c7bb3885,China Linq,America/Chicago,36.372847,-94.223532,36.372847,-94.223532,918 W Central Ave,50070206061035,US,Fort Smith-Fay-Sprngdl,"918 W Central Ave, Bentonville, AR 72712",Bentonville,72712,AR,,,,,,,,,,1,,1,Walmart Supply Chain,-94.2229,36.3771,4,4
4c6d66f3e6b7b1f7409ca98e,"[{'id': 13276, 'name': 'Sushi Restaurant', 'short_name': 'Sushi', 'plural_name': 'Sushi Restaurants', 'icon': {'prefix': 'https://ss3.4sqi.net/img/categories_v2/food/sushi_', 'suffix': '.png'}}, {'id': 13352, 'name': 'Thai Restaurant', 'short_name': 'Thai', 'plural_name': 'Thai Restaurants', 'icon': {'prefix': 'https://ss3.4sqi.net/img/categories_v2/food/thai_', 'suffix': '.png'}}]",[],LikelyOpen,765,/v3/places/4c6d66f3e6b7b1f7409ca98e,Taste Of Siam,America/Chicago,36.370259,-94.222038,36.370259,-94.222038,310 S Walton Blvd,50070206043000,US,Fort Smith-Fay-Sprngdl,"310 S Walton Blvd, Bentonville, AR 72712",Bentonville,72712,AR,,,,,,,,,,1,,1,Walmart Supply Chain,-94.2229,36.3771,4,4
57ee4a6b498e96e1125f90af,"[{'id': 13043, 'name': 'Donut Shop', 'short_name': 'Donuts', 'plural_name': 'Donut Shops', 'icon': {'prefix': 'https://ss3.4sqi.net/img/categories_v2/food/donuts_', 'suffix': '.png'}}]",[],LikelyOpen,815,/v3/places/57ee4a6b498e96e1125f90af,Paradise Donuts,America/Chicago,36.384451,-94.221766,36.384451,-94.221766,1101 N Walton Blvd,50070206061031,US,Fort Smith-Fay-Sprngdl,"1101 N Walton Blvd, Bentonville, AR 72712",Bentonville,72712,AR,,,,,,,,,,1,,1,Walmart Supply Chain,-94.2229,36.3771,4,4
4b6221f5f964a5209a372ae3,"[{'id': 13068, 'name': 'American Restaurant', 'short_name': 'American', 'plural_name': 'American Restaurants', 'icon': {'prefix': 'https://ss3.4sqi.net/img/categories_v2/food/default_', 'suffix': '.png'}}, {'id': 17057, 'name': 'Food and Beverage Retail', 'short_name': 'Food & Beverage', 'plural_name': 'Food and Beverage Retail', 'icon': {'prefix': 'https://ss3.4sqi.net/img/categories_v2/shops/foodanddrink_', 'suffix': '.png'}}]",[],LikelyOpen,904,/v3/places/4b6221f5f964a5209a372ae3,Mazzio's,America/Chicago,36.385185,-94.221761,36.385185,-94.221761,1117 N Walton Blvd,50070206061033,US,Fort Smith-Fay-Sprngdl,"1117 N Walton Blvd, Bentonville, AR 72712",Bentonville,72712,AR,,,,,,,,,,1,,1,Walmart Supply Chain,-94.2229,36.3771,4,4
4f43f68c19836ed001916f4e,"[{'id': 13065, 'name': 'Restaurant', 'short_name': 'Restaurant', 'plural_name': 'Restaurants', 'icon': {'prefix': 'https://ss3.4sqi.net/img/categories_v2/food/default_', 'suffix': '.png'}}]",[],LikelyOpen,979,/v3/places/4f43f68c19836ed001916f4e,Maude Ethel's Family Restaurant,America/Chicago,36.385974,-94.222683,36.385974,-94.222683,927 NW 12th St,50070206061033,US,Fort Smith-Fay-Sprngdl,"927 NW 12th St, Bentonville, AR 72712",Bentonville,72712,AR,,,,,,,,,,1,,1,Walmart Supply Chain,-94.2229,36.3771,4,4
4ba25790f964a5201aef37e3,"[{'id': 13036, 'name': 'Tea Room', 'short_name': 'Tea Room', 'plural_name': 'Tea Rooms', 'icon': {'prefix': 'https://ss3.4sqi.net/img/categories_v2/food/tearoom_', 'suffix': '.png'}}, {'id': 13334, 'name': 'Sandwich Spot', 'short_name': 'Sandwich Spot', 'plural_name': 'Sandwich Spots', 'icon': {'prefix': 'https://ss3.4sqi.net/img/categories_v2/food/deli_', 'suffix': '.png'}}]",[],LikelyOpen,998,/v3/places/4ba25790f964a5201aef37e3,Crumpet Tea Room Express,America/Chicago,36.385884,-94.22054,36.385884,-94.22054,1140 N Walton Blvd,50070206052003,US,Fort Smith-Fay-Sprngdl,"1140 N Walton Blvd, Bentonville, AR 72712",Bentonville,72712,AR,Ste 3,,,,,,,,,1,,1,Walmart Supply Chain,-94.2229,36.3771,4,4
80c79d45d6061710bfe44fba,"[{'id': 17057, 'name': 'Food and Beverage Retail', 'short_name': 'Food & Beverage', 'plural_name': 'Food and Beverage Retail', 'icon': {'prefix': 'https://ss3.4sqi.net/img/categories_v2/shops/foodanddrink_', 'suffix': '.png'}}, {'id': 13064, 'name': 'Pizzeria', 'short_name': 'Pizza', 'plural_name': 'Pizzerias', 'icon': {'prefix': 'https://ss3.4sqi.net/img/categories_v2/food/pizza_', 'suffix': '.png'}}]",[],LikelyOpen,1002,/v3/places/80c79d45d6061710bfe44fba,Simple Simon's Pizza,America/Chicago,36.385884,-94.22054,36.385884,-94.22054,1140 N Walton Blvd,50070206052003,US,Fort Smith-Fay-Sprngdl,"1140 N Walton Blvd, Bentonville, AR 72712",Bentonville,72712,AR,,,,,,,,,,1,,1,Walmart Supply Chain,-94.2229,36.3771,4,4
4b7435eff964a52050cd2de3,"[{'id': 13031, 'name': 'Burger Joint', 'short_name': 'Burgers', 'plural_name': 'Burger Joints', 'icon': {'prefix': 'https://ss3.4sqi.net/img/categories_v2/food/burger_', 'suffix': '.png'}}, {'id': 13145, 'name': 'Fast Food Restaurant', 'short_name': 'Fast Food', 'plural_name': 'Fast Food Restaurants', 'icon': {'prefix': 'https://ss3.4sqi.net/img/categories_v2/food/fastfood_', 'suffix': '.png'}}]","[{'id': 'ab4a3530-d68a-012e-5619-003048cad9da', 'name': ""McDonald's""}]",VeryLikelyOpen,659,/v3/places/4b7435eff964a52050cd2de3,McDonald's,America/Chicago,36.371348,-94.220954,36.371348,-94.220954,201 S Walton Blvd,50070206042005,US,Fort Smith-Fay-Sprngdl,"201 S Walton Blvd (at SW 2nd St), Bentonville, AR 72712",Bentonville,72712,AR,,at SW 2nd St,,,,,,,,1,,1,Walmart Supply Chain,-94.2229,36.3771,4,4
5996ded17564f71bbb891d04,"[{'id': 13035, 'name': 'Coffee Shop', 'short_name': 'Coffee Shop', 'plural_name': 'Coffee Shops', 'icon': {'prefix': 'https://ss3.4sqi.net/img/categories_v2/food/coffeeshop_', 'suffix': '.png'}}, {'id': 13065, 'name': 'Restaurant', 'short_name': 'Restaurant', 'plural_name': 'Restaurants', 'icon': {'prefix': 'https://ss3.4sqi.net/img/categories_v2/food/default_', 'suffix': '.png'}}]",[],LikelyOpen,762,/v3/places/5996ded17564f71bbb891d04,7 Brew Coffee,America/Chicago,36.370702,-94.18285,,,2500 E Central Ave,50070205041012,US,Fort Smith-Fay-Sprngdl,"2500 E Central Ave, Bentonville, AR 72712",Bentonville,72712,AR,,,,,,,,,,2,,2,Walmart Ol' Roy,-94.18853,36.36551,10,6
5b785639f2554e0039d26cc3,"[{'id': 13006, 'name': 'Beer Bar', 'short_name': 'Beer Bar', 'plural_name': 'Beer Bars', 'icon': {'prefix': 'https://ss3.4sqi.net/img/categories_v2/nightlife/pub_', 'suffix': '.png'}}, {'id': 13035, 'name': 'Coffee Shop', 'short_name': 'Coffee Shop', 'plural_name': 'Coffee Shops', 'icon': {'prefix': 'https://ss3.4sqi.net/img/categories_v2/food/coffeeshop_', 'suffix': '.png'}}, {'id': 13065, 'name': 'Restaurant', 'short_name': 'Restaurant', 'plural_name': 'Restaurants', 'icon': {'prefix': 'https://ss3.4sqi.net/img/categories_v2/food/default_', 'suffix': '.png'}}]",[],LikelyOpen,889,/v3/places/5b785639f2554e0039d26cc3,Airship Coffee,America/Chicago,36.367127,-94.19826,,,1000 SE 5th St,50070205012039,US,Fort Smith-Fay-Sprngdl,"1000 SE 5th St, Bentonville, AR 72712",Bentonville,72712,AR,Ste A,,36.36759,-94.198252,,,,,,2,,2,Walmart Ol' Roy,-94.18853,36.36551,10,6
4c75a9613adda143ce0f08af,"[{'id': 13026, 'name': 'BBQ Joint', 'short_name': 'BBQ', 'plural_name': 'BBQ Joints', 'icon': {'prefix': 'https://ss3.4sqi.net/img/categories_v2/food/bbqalt_', 'suffix': '.png'}}]",[],Unsure,812,/v3/places/4c75a9613adda143ce0f08af,Smokin' Joe's Ribhouse,America/Chicago,36.370586,-94.182154,36.370586,-94.182154,2504 E Central Ave,50070205041012,US,Fort Smith-Fay-Sprngdl,"2504 E Central Ave (Moberly), Bentonville, AR 72712",Bentonville,72712,AR,,Moberly,,,,,,,,2,,2,Walmart Ol' Roy,-94.18853,36.36551,10,6
4f32935b19836c91c7e53778,"[{'id': 13068, 'name': 'American Restaurant', 'short_name': 'American', 'plural_name': 'American Restaurants', 'icon': {'prefix': 'https://ss3.4sqi.net/img/categories_v2/food/default_', 'suffix': '.png'}}]",[],Unsure,605,/v3/places/4f32935b19836c91c7e53778,Char Broil,America/Chicago,36.364742,-94.19579,36.364742,-94.19579,1205 SE 8th St,50070205041019,US,Fort Smith-Fay-Sprngdl,"1205 SE 8th St, Bentonville, AR 72712",Bentonville,72712,AR,Ste 15,,,,,,,,,2,,2,Walmart Ol' Roy,-94.18853,36.36551,10,6
562fafd9498e3ecee56605be,"[{'id': 13054, 'name': 'Food Truck', 'short_name': 'Food Truck', 'plural_name': 'Food Trucks', 'icon': {'prefix': 'https://ss3.4sqi.net/img/categories_v2/food/streetfood_', 'suffix': '.png'}}]",[],LikelyOpen,662,/v3/places/562fafd9498e3ecee56605be,Big Rub BBQ,America/Chicago,36.359588,-94.189344,36.359588,-94.189344,2001 SE 10th St,50070205041017,US,Fort Smith-Fay-Sprngdl,"2001 SE 10th St, Bentonville, AR 72712",Bentonville,72712,AR,,,,,,,,,,2,,2,Walmart Ol' Roy,-94.18853,36.36551,10,6
54353038498e442d0bce2bee,"[{'id': 13035, 'name': 'Coffee Shop', 'short_name': 'Coffee Shop', 'plural_name': 'Coffee Shops', 'icon': {'prefix': 'https://ss3.4sqi.net/img/categories_v2/food/coffeeshop_', 'suffix': '.png'}}, {'id': 13065, 'name': 'Restaurant', 'short_name': 'Restaurant', 'plural_name': 'Restaurants', 'icon': {'prefix': 'https://ss3.4sqi.net/img/categories_v2/food/default_', 'suffix': '.png'}}]",[],Unsure,672,/v3/places/54353038498e442d0bce2bee,Brewed Awakening,America/Chicago,36.371398,-94.186813,36.371398,-94.186813,2005 E Central Ave,50070205014005,US,Fort Smith-Fay-Sprngdl,"2005 E Central Ave, Bentonville, AR 72712",Bentonville,72712,AR,,,,,,,,,,2,,2,Walmart Ol' Roy,-94.18853,36.36551,10,6
3e64ba183ef048c9b032ec3d,"[{'id': 13303, 'name': 'Mexican Restaurant', 'short_name': 'Mexican', 'plural_name': 'Mexican Restaurants', 'icon': {'prefix': 'https://ss3.4sqi.net/img/categories_v2/food/mexican_', 'suffix': '.png'}}, {'id': 17057, 'name': 'Food and Beverage Retail', 'short_name': 'Food & Beverage', 'plural_name': 'Food and Beverage Retail', 'icon': {'prefix': 'https://ss3.4sqi.net/img/categories_v2/shops/foodanddrink_', 'suffix': '.png'}}]",[],Unsure,757,/v3/places/3e64ba183ef048c9b032ec3d,Ole Mexican Foods,America/Chicago,36.372311,-94.189077,36.372311,-94.189077,1703 E Central Ave,50070205011016,US,Fort Smith-Fay-Sprngdl,"1703 E Central Ave, Bentonville, AR 72712",Bentonville,72712,AR,,,,,,,,,,2,,2,Walmart Ol' Roy,-94.18853,36.36551,10,6
4f32035519833175d609af1b,"[{'id': 13000, 'name': 'Dining and Drinking', 'short_name': 'Dining and Drinking', 'plural_name': 'Dining and Drinking', 'icon': {'prefix': 'https://ss3.4sqi.net/img/categories_v2/food/default_', 'suffix': '.png'}}]",[],Unsure,757,/v3/places/4f32035519833175d609af1b,Hot Dog Alley,America/Chicago,36.371411,-94.184291,36.371411,-94.184291,2201 E Central Ave,50070205014005,US,Fort Smith-Fay-Sprngdl,"2201 E Central Ave, Bentonville, AR 72712",Bentonville,72712,AR,,,,,,,,,,2,,2,Walmart Ol' Roy,-94.18853,36.36551,10,6
4d5d1f45fb186dcbd90c089b,"[{'id': 13034, 'name': 'Café', 'short_name': 'Café', 'plural_name': 'Cafés', 'icon': {'prefix': 'https://ss3.4sqi.net/img/categories_v2/food/cafe_', 'suffix': '.png'}}, {'id': 13035, 'name': 'Coffee Shop', 'short_name': 'Coffee Shop', 'plural_name': 'Coffee Shops', 'icon': {'prefix': 'https://ss3.4sqi.net/img/categories_v2/food/coffeeshop_', 'suffix': '.png'}}, {'id': 13065, 'name': 'Restaurant', 'short_name': 'Restaurant', 'plural_name': 'Restaurants', 'icon': {'prefix': 'https://ss3.4sqi.net/img/categories_v2/food/default_', 'suffix': '.png'}}]",[],Unsure,762,/v3/places/4d5d1f45fb186dcbd90c089b,Le Barista,America/Chicago,36.371613,-94.186698,36.371613,-94.186698,2500 E Central Ave,50070205014005,US,Fort Smith-Fay-Sprngdl,"2500 E Central Ave, Bentonville, AR 72712",Bentonville,72712,AR,,,,,,,,,,2,,2,Walmart Ol' Roy,-94.18853,36.36551,10,6
532c4271498ea033fa990f4b,"[{'id': 13037, 'name': 'Cafeteria', 'short_name': 'Cafeteria', 'plural_name': 'Cafeterias', 'icon': {'prefix': 'https://ss3.4sqi.net/img/categories_v2/education/cafeteria_', 'suffix': '.png'}}]",[],LikelyOpen,778,/v3/places/532c4271498ea033fa990f4b,DGTC Cafeteria,America/Chicago,36.362379,-94.180645,36.362379,-94.180645,,50070205041002,US,Fort Smith-Fay-Sprngdl,"Bentonville, AR 72712",Bentonville,72712,AR,,,,,,,,,,2,,2,Walmart Ol' Roy,-94.18853,36.36551,10,6
4cc731a6914137046971d455,"[{'id': 13037, 'name': 'Cafeteria', 'short_name': 'Cafeteria', 'plural_name': 'Cafeterias', 'icon': {'prefix': 'https://ss3.4sqi.net/img/categories_v2/education/cafeteria_', 'suffix': '.png'}}]",[],LikelyOpen,816,/v3/places/4cc731a6914137046971d455,DGTC Cafetorium,America/Chicago,36.361368,-94.180994,36.361368,-94.180994,,50070205041002,US,Fort Smith-Fay-Sprngdl,"Bentonville, AR 72712",Bentonville,72712,AR,,,,,,,,,,2,,2,Walmart Ol' Roy,-94.18853,36.36551,10,6
d1005ea2fdae482b1c8fe816,"[{'id': 13303, 'name': 'Mexican Restaurant', 'short_name': 'Mexican', 'plural_name': 'Mexican Restaurants', 'icon': {'prefix': 'https://ss3.4sqi.net/img/categories_v2/food/mexican_', 'suffix': '.png'}}, {'id': 17057, 'name': 'Food and Beverage Retail', 'short_name': 'Food & Beverage', 'plural_name': 'Food and Beverage Retail', 'icon': {'prefix': 'https://ss3.4sqi.net/img/categories_v2/shops/foodanddrink_', 'suffix': '.png'}}]",[],LikelyOpen,942,/v3/places/d1005ea2fdae482b1c8fe816,Ole Mexican Foods,America/Chicago,36.371741,-94.195672,36.371741,-94.195672,100 NE J St,50070205011011,US,Fort Smith-Fay-Sprngdl,"100 NE J St, Bentonville, AR 72712",Bentonville,72712,AR,,,,,,,,,,2,,2,Walmart Ol' Roy,-94.18853,36.36551,10,6
58f503192b98444cc98d85e1,"[{'id': 10000, 'name': 'Arts and Entertainment', 'short_name': 'Arts & Entertainment', 'plural_name': 'Arts and Entertainment', 'icon': {'prefix': 'https://ss3.4sqi.net/img/categories_v2/arts_entertainment/default_', 'suffix': '.png'}}, {'id': 13003, 'name': 'Bar', 'short_name': 'Bar', 'plural_name': 'Bars', 'icon': {'prefix': 'https://ss3.4sqi.net/img/categories_v2/nightlife/pub_', 'suffix': '.png'}}, {'id': 13029, 'name': 'Brewery', 'short_name': 'Brewery', 'plural_name': 'Breweries', 'icon': {'prefix': 'https://ss3.4sqi.net/img/categories_v2/food/brewery_', 'suffix': '.png'}}]",[],Unsure,456,/v3/places/58f503192b98444cc98d85e1,Bike Rack Brewing Co.,America/Chicago,36.365202,-94.199945,36.365202,-94.199945,801 SE 8th St,50070205042000,US,Fort Smith-Fay-Sprngdl,"801 SE 8th St, Bentonville, AR 72712",Bentonville,72712,AR,Unit 61,,,,,,,,,3,,3,Walmart Welcome Center,-94.19446,36.36442,4,3
5b785639f2554e0039d26cc3,"[{'id': 13006, 'name': 'Beer Bar', 'short_name': 'Beer Bar', 'plural_name': 'Beer Bars', 'icon': {'prefix': 'https://ss3.4sqi.net/img/categories_v2/nightlife/pub_', 'suffix': '.png'}}, {'id': 13035, 'name': 'Coffee Shop', 'short_name': 'Coffee Shop', 'plural_name': 'Coffee Shops', 'icon': {'prefix': 'https://ss3.4sqi.net/img/categories_v2/food/coffeeshop_', 'suffix': '.png'}}, {'id': 13065, 'name': 'Restaurant', 'short_name': 'Restaurant', 'plural_name': 'Restaurants', 'icon': {'prefix': 'https://ss3.4sqi.net/img/categories_v2/food/default_', 'suffix': '.png'}}]",[],LikelyOpen,454,/v3/places/5b785639f2554e0039d26cc3,Airship Coffee,America/Chicago,36.367127,-94.19826,,,1000 SE 5th St,50070205012039,US,Fort Smith-Fay-Sprngdl,"1000 SE 5th St, Bentonville, AR 72712",Bentonville,72712,AR,Ste A,,36.36759,-94.198252,,,,,,3,,3,Walmart Welcome Center,-94.19446,36.36442,4,3
5092a5c4e4b0d9b14fd0168e,"[{'id': 13302, 'name': 'Mediterranean Restaurant', 'short_name': 'Mediterranean', 'plural_name': 'Mediterranean Restaurants', 'icon': {'prefix': 'https://ss3.4sqi.net/img/categories_v2/food/mediterranean_', 'suffix': '.png'}}]",[],LikelyOpen,942,/v3/places/5092a5c4e4b0d9b14fd0168e,Vivace Mediterranean Cuisine,America/Chicago,36.356062,-94.196248,36.356062,-94.196248,1100 SE 14th St,50070205033011,US,Fort Smith-Fay-Sprngdl,"1100 SE 14th St, Bentonville, AR 72712",Bentonville,72712,AR,Ste 6,,,,,,,,,3,,3,Walmart Welcome Center,-94.19446,36.36442,4,3
4d01819b85c6a1439d6c5337,"[{'id': 13289, 'name': 'Korean Restaurant', 'short_name': 'Korean', 'plural_name': 'Korean Restaurants', 'icon': {'prefix': 'https://ss3.4sqi.net/img/categories_v2/food/korean_', 'suffix': '.png'}}, {'id': 13276, 'name': 'Sushi Restaurant', 'short_name': 'Sushi', 'plural_name': 'Sushi Restaurants', 'icon': {'prefix': 'https://ss3.4sqi.net/img/categories_v2/food/sushi_', 'suffix': '.png'}}]",[],Unsure,942,/v3/places/4d01819b85c6a1439d6c5337,Gold Town Sushi & Korean BBQ,America/Chicago,36.356062,-94.196248,36.356062,-94.196248,1100 SE 14th St,50070205033011,US,Fort Smith-Fay-Sprngdl,"1100 SE 14th St, Bentonville, AR 72712",Bentonville,72712,AR,Ste 14,,,,,,,,,3,,3,Walmart Welcome Center,-94.19446,36.36442,4,3
554e4884498e2dcf90029db3,"[{'id': 13031, 'name': 'Burger Joint', 'short_name': 'Burgers', 'plural_name': 'Burger Joints', 'icon': {'prefix': 'https://ss3.4sqi.net/img/categories_v2/food/burger_', 'suffix': '.png'}}, {'id': 13276, 'name': 'Sushi Restaurant', 'short_name': 'Sushi', 'plural_name': 'Sushi Restaurants', 'icon': {'prefix': 'https://ss3.4sqi.net/img/categories_v2/food/sushi_', 'suffix': '.png'}}, {'id': 13338, 'name': 'Seafood Restaurant', 'short_name': 'Seafood', 'plural_name': 'Seafood Restaurants', 'icon': {'prefix': 'https://ss3.4sqi.net/img/categories_v2/food/seafood_', 'suffix': '.png'}}]",[],LikelyOpen,829,/v3/places/554e4884498e2dcf90029db3,Blu Fresh Fish Marketplace,America/Chicago,36.367912,-94.202566,36.367912,-94.202566,607 SE 5th St,50070205012031,US,Fort Smith-Fay-Sprngdl,"607 SE 5th St, Bentonville, AR 72712",Bentonville,72712,AR,,,,,,,,,,3,,3,Walmart Welcome Center,-94.19446,36.36442,4,3
4f9a95d2e4b065054add03b5,"[{'id': 13064, 'name': 'Pizzeria', 'short_name': 'Pizza', 'plural_name': 'Pizzerias', 'icon': {'prefix': 'https://ss3.4sqi.net/img/categories_v2/food/pizza_', 'suffix': '.png'}}, {'id': 17029, 'name': 'Convenience Store', 'short_name': 'Convenience Store', 'plural_name': 'Convenience Stores', 'icon': {'prefix': 'https://ss3.4sqi.net/img/categories_v2/shops/conveniencestore_', 'suffix': '.png'}}, {'id': 19007, 'name': 'Fuel Station', 'short_name': 'Fuel Station', 'plural_name': 'Fuel Stations', 'icon': {'prefix': 'https://ss3.4sqi.net/img/categories_v2/shops/gas_', 'suffix': '.png'}}]","[{'id': '16d056a0-992b-0132-fd75-7a163eb2a6fc', 'name': ""Casey's General Store""}]",VeryLikelyOpen,824,/v3/places/4f9a95d2e4b065054add03b5,Casey's General Store,America/Chicago,36.37148,-94.197309,36.37148,-94.197309,100 SE J St,50070205012003,US,Fort Smith-Fay-Sprngdl,"100 SE J St, Bentonville, AR 72712",Bentonville,72712,AR,,,,,,,,,,3,,3,Walmart Welcome Center,-94.19446,36.36442,4,3
4f32935b19836c91c7e53778,"[{'id': 13068, 'name': 'American Restaurant', 'short_name': 'American', 'plural_name': 'American Restaurants', 'icon': {'prefix': 'https://ss3.4sqi.net/img/categories_v2/food/default_', 'suffix': '.png'}}]",[],Unsure,66,/v3/places/4f32935b19836c91c7e53778,Char Broil,America/Chicago,36.364742,-94.19579,36.364742,-94.19579,1205 SE 8th St,50070205041019,US,Fort Smith-Fay-Sprngdl,"1205 SE 8th St, Bentonville, AR 72712",Bentonville,72712,AR,Ste 15,,,,,,,,,3,,3,Walmart Welcome Center,-94.19446,36.36442,4,3
f12aa90d245e4cab5ff0f6cc,"[{'id': 13064, 'name': 'Pizzeria', 'short_name': 'Pizza', 'plural_name': 'Pizzerias', 'icon': {'prefix': 'https://ss3.4sqi.net/img/categories_v2/food/pizza_', 'suffix': '.png'}}, {'id': 13334, 'name': 'Sandwich Spot', 'short_name': 'Sandwich Spot', 'plural_name': 'Sandwich Spots', 'icon': {'prefix': 'https://ss3.4sqi.net/img/categories_v2/food/deli_', 'suffix': '.png'}}]",[],VeryLikelyOpen,475,/v3/places/f12aa90d245e4cab5ff0f6cc,Loafin Joe's Food Truck,America/Chicago,36.365352,-94.199843,36.365352,-94.199843,801 SE 8th St,50070205042000,US,Fort Smith-Fay-Sprngdl,"801 SE 8th St, Bentonville, AR 72712",Bentonville,72712,AR,,,,,,,,,,3,,3,Walmart Welcome Center,-94.19446,36.36442,4,3
1531db9193b2b9fb8e9a3342,"[{'id': 13065, 'name': 'Restaurant', 'short_name': 'Restaurant', 'plural_name': 'Restaurants', 'icon': {'prefix': 'https://ss3.4sqi.net/img/categories_v2/food/default_', 'suffix': '.png'}}]",[],VeryLikelyOpen,492,/v3/places/1531db9193b2b9fb8e9a3342,Big Rub Urban Eatery and Big Rub BBQ & Catering,America/Chicago,36.365352,-94.199843,36.365352,-94.199843,801 SE 8th St,50070205042000,US,Fort Smith-Fay-Sprngdl,"801 SE 8th St, Bentonville, AR 72712",Bentonville,72712,AR,,,,,,,,,,3,,3,Walmart Welcome Center,-94.19446,36.36442,4,3
5c45da08628c83002c3e5a16,"[{'id': 13053, 'name': 'Food Stand', 'short_name': 'Food Stand', 'plural_name': 'Food Stands', 'icon': {'prefix': 'https://ss3.4sqi.net/img/categories_v2/travel/movingtarget_', 'suffix': '.png'}}]",[],Unsure,492,/v3/places/5c45da08628c83002c3e5a16,FoodLoops.net,America/Chicago,36.365288,-94.199856,36.365288,-94.199856,801 SE 8th St,50070205042000,US,Fort Smith-Fay-Sprngdl,"801 SE 8th St, Bentonville, AR 72712",Bentonville,72712,AR,,,,,,,,,,3,,3,Walmart Welcome Center,-94.19446,36.36442,4,3
5dbf5c94868bba0008f7671f,"[{'id': 13272, 'name': 'Ramen Restaurant', 'short_name': 'Ramen', 'plural_name': 'Ramen Restaurants', 'icon': {'prefix': 'https://ss3.4sqi.net/img/categories_v2/food/ramen_', 'suffix': '.png'}}]",[],LikelyOpen,492,/v3/places/5dbf5c94868bba0008f7671f,Co-op,America/Chicago,36.365352,-94.199843,36.365352,-94.199843,801 SE 8th St,50070205042000,US,Fort Smith-Fay-Sprngdl,"801 SE 8th St, Bentonville, AR 72712",Bentonville,72712,AR,Ste 31,,,,,,,,,3,,3,Walmart Welcome Center,-94.19446,36.36442,4,3
594c54d8d1a40209d0467368,"[{'id': 10000, 'name': 'Arts and Entertainment', 'short_name': 'Arts & Entertainment', 'plural_name': 'Arts and Entertainment', 'icon': {'prefix': 'https://ss3.4sqi.net/img/categories_v2/arts_entertainment/default_', 'suffix': '.png'}}, {'id': 13029, 'name': 'Brewery', 'short_name': 'Brewery', 'plural_name': 'Breweries', 'icon': {'prefix': 'https://ss3.4sqi.net/img/categories_v2/food/brewery_', 'suffix': '.png'}}, {'id': 13065, 'name': 'Restaurant', 'short_name': 'Restaurant', 'plural_name': 'Restaurants', 'icon': {'prefix': 'https://ss3.4sqi.net/img/categories_v2/food/default_', 'suffix': '.png'}}]",[],LikelyOpen,498,/v3/places/594c54d8d1a40209d0467368,8th Street Market,America/Chicago,36.365202,-94.199945,36.365202,-94.199945,801 SE 8th St,50070205042000,US,Fort Smith-Fay-Sprngdl,"801 SE 8th St, Bentonville, AR 72712",Bentonville,72712,AR,,,,,,,,,,3,"[{'fsq_id': '637914c29612e65ba4de541c', 'categories': [{'id': 13065, 'name': 'Restaurant', 'short_name': 'Restaurant', 'plural_name': 'Restaurants', 'icon': {'prefix': 'https://ss3.4sqi.net/img/categories_v2/food/default_', 'suffix': '.png'}}], 'name': 'Roll & Fold'}, {'fsq_id': '5c68bcd5d48ec10039b415ef', 'categories': [{'id': 17061, 'name': 'Cheese Store', 'short_name': 'Cheese Store', 'plural_name': 'Cheese Stores', 'icon': {'prefix': 'https://ss3.4sqi.net/img/categories_v2/shops/food_cheese_', 'suffix': '.png'}}, {'id': 17068, 'name': 'Gourmet Store', 'short_name': 'Gourmet', 'plural_name': 'Gourmet Stores', 'icon': {'prefix': 'https://ss3.4sqi.net/img/categories_v2/shops/food_gourmet_', 'suffix': '.png'}}], 'name': 'Sweet Freedom Cheese'}, {'fsq_id': '5e3da725ba5bc400081351f8', 'categories': [{'id': 13377, 'name': 'Vegan and Vegetarian Restaurant', 'short_name': 'Vegan and Vegetarian Restaurant', 'plural_name': 'Vegan and Vegetarian Restaurants', 'icon': {'prefix': 'https://ss3.4sqi.net/img/categories_v2/food/vegetarian_', 'suffix': '.png'}}], 'name': 'Juice Palm'}, {'fsq_id': '5caa399cb25fee002c462e84', 'categories': [{'id': 17069, 'name': 'Grocery Store', 'short_name': 'Grocery Store', 'plural_name': 'Grocery Stores', 'icon': {'prefix': 'https://ss3.4sqi.net/img/categories_v2/shops/food_grocery_', 'suffix': '.png'}}], 'name': 'Hillfolk'}]",3,Walmart Welcome Center,-94.19446,36.36442,4,3
5a5cf68a2c7eb9543d79cd17,"[{'id': 13303, 'name': 'Mexican Restaurant', 'short_name': 'Mexican', 'plural_name': 'Mexican Restaurants', 'icon': {'prefix': 'https://ss3.4sqi.net/img/categories_v2/food/mexican_', 'suffix': '.png'}}]",[],Unsure,498,/v3/places/5a5cf68a2c7eb9543d79cd17,Yeyo's Mexican Grill,America/Chicago,36.365331,-94.199919,36.365331,-94.199919,801 SE 8th St,50070205042000,US,Fort Smith-Fay-Sprngdl,"801 SE 8th St, Bentonville, AR 72712",Bentonville,72712,AR,Ste 41,,,,,,,,,3,,3,Walmart Welcome Center,-94.19446,36.36442,4,3
5b4ba1e44f0e58002ccd643d,"[{'id': 13146, 'name': 'Filipino Restaurant', 'short_name': 'Filipino', 'plural_name': 'Filipino Restaurants', 'icon': {'prefix': 'https://ss3.4sqi.net/img/categories_v2/food/filipino_', 'suffix': '.png'}}]",[],LikelyOpen,501,/v3/places/5b4ba1e44f0e58002ccd643d,Kalye Manila,America/Chicago,36.364749,-94.200037,36.364749,-94.200037,801 SE 8th St,50070205042000,US,Fort Smith-Fay-Sprngdl,"801 SE 8th St, Bentonville, AR 72712",Bentonville,72712,AR,Ste 1,,,,,,,,,3,,3,Walmart Welcome Center,-94.19446,36.36442,4,3
5e3da725ba5bc400081351f8,"[{'id': 13377, 'name': 'Vegan and Vegetarian Restaurant', 'short_name': 'Vegan and Vegetarian Restaurant', 'plural_name': 'Vegan and Vegetarian Restaurants', 'icon': {'prefix': 'https://ss3.4sqi.net/img/categories_v2/food/vegetarian_', 'suffix': '.png'}}]",[],Unsure,530,/v3/places/5e3da725ba5bc400081351f8,Juice Palm,America/Chicago,36.365396,-94.199906,36.365396,-94.199906,801 SE 8th St,50070205042000,US,Fort Smith-Fay-Sprngdl,"801 SE 8th St, Bentonville, AR 72712",Bentonville,72712,AR,,,,,,,594c54d8d1a40209d0467368,"[{'id': 10000, 'name': 'Arts and Entertainment', 'short_name': 'Arts & Entertainment', 'plural_name': 'Arts and Entertainment', 'icon': {'prefix': 'https://ss3.4sqi.net/img/categories_v2/arts_entertainment/default_', 'suffix': '.png'}}, {'id': 13029, 'name': 'Brewery', 'short_name': 'Brewery', 'plural_name': 'Breweries', 'icon': {'prefix': 'https://ss3.4sqi.net/img/categories_v2/food/brewery_', 'suffix': '.png'}}, {'id': 13065, 'name': 'Restaurant', 'short_name': 'Restaurant', 'plural_name': 'Restaurants', 'icon': {'prefix': 'https://ss3.4sqi.net/img/categories_v2/food/default_', 'suffix': '.png'}}]",8th Street Market,3,,3,Walmart Welcome Center,-94.19446,36.36442,4,3
562fafd9498e3ecee56605be,"[{'id': 13054, 'name': 'Food Truck', 'short_name': 'Food Truck', 'plural_name': 'Food Trucks', 'icon': {'prefix': 'https://ss3.4sqi.net/img/categories_v2/food/streetfood_', 'suffix': '.png'}}]",[],LikelyOpen,705,/v3/places/562fafd9498e3ecee56605be,Big Rub BBQ,America/Chicago,36.359588,-94.189344,36.359588,-94.189344,2001 SE 10th St,50070205041017,US,Fort Smith-Fay-Sprngdl,"2001 SE 10th St, Bentonville, AR 72712",Bentonville,72712,AR,,,,,,,,,,3,,3,Walmart Welcome Center,-94.19446,36.36442,4,3
60f4a1f2f7d5255544b64d8f,"[{'id': 13035, 'name': 'Coffee Shop', 'short_name': 'Coffee Shop', 'plural_name': 'Coffee Shops', 'icon': {'prefix': 'https://ss3.4sqi.net/img/categories_v2/food/coffeeshop_', 'suffix': '.png'}}]",[],LikelyOpen,743,/v3/places/60f4a1f2f7d5255544b64d8f,Onyx Coffee Lab - The Momentary,America/Chicago,36.366617,-94.202612,36.366617,-94.202612,507 SE E St,50070205042000,US,Fort Smith-Fay-Sprngdl,"507 SE E St, Bentonville, AR 72712",Bentonville,72712,AR,,,36.366634,-94.203098,,,5c38cb2e2632ec002c256d99,"[{'id': 10028, 'name': 'Art Museum', 'short_name': 'Art Museum', 'plural_name': 'Art Museums', 'icon': {'prefix': 'https://ss3.4sqi.net/img/categories_v2/arts_entertainment/museum_art_', 'suffix': '.png'}}]",The Momentary,3,,3,Walmart Welcome Center,-94.19446,36.36442,4,3
d1005ea2fdae482b1c8fe816,"[{'id': 13303, 'name': 'Mexican Restaurant', 'short_name': 'Mexican', 'plural_name': 'Mexican Restaurants', 'icon': {'prefix': 'https://ss3.4sqi.net/img/categories_v2/food/mexican_', 'suffix': '.png'}}, {'id': 17057, 'name': 'Food and Beverage Retail', 'short_name': 'Food & Beverage', 'plural_name': 'Food and Beverage Retail', 'icon': {'prefix': 'https://ss3.4sqi.net/img/categories_v2/shops/foodanddrink_', 'suffix': '.png'}}]",[],LikelyOpen,820,/v3/places/d1005ea2fdae482b1c8fe816,Ole Mexican Foods,America/Chicago,36.371741,-94.195672,36.371741,-94.195672,100 NE J St,50070205011011,US,Fort Smith-Fay-Sprngdl,"100 NE J St, Bentonville, AR 72712",Bentonville,72712,AR,,,,,,,,,,3,,3,Walmart Welcome Center,-94.19446,36.36442,4,3
600a2c4a34851e686faee3c6,"[{'id': 13338, 'name': 'Seafood Restaurant', 'short_name': 'Seafood', 'plural_name': 'Seafood Restaurants', 'icon': {'prefix': 'https://ss3.4sqi.net/img/categories_v2/food/seafood_', 'suffix': '.png'}}]",[],Unsure,822,/v3/places/600a2c4a34851e686faee3c6,Blu Fish House,America/Chicago,36.367912,-94.202566,36.367912,-94.202566,607 SE 5th St,50070205012031,US,Fort Smith-Fay-Sprngdl,"607 SE 5th St, Bentonville, AR 72712",Bentonville,72712,AR,,,36.367665,-94.20257,,,,,,3,,3,Walmart Welcome Center,-94.19446,36.36442,4,3
58e933b154073d7d2d4b014b,"[{'id': 13002, 'name': 'Bakery', 'short_name': 'Bakery', 'plural_name': 'Bakeries', 'icon': {'prefix': 'https://ss3.4sqi.net/img/categories_v2/food/bakery_', 'suffix': '.png'}}, {'id': 13040, 'name': 'Dessert Shop', 'short_name': 'Desserts', 'plural_name': 'Dessert Shops', 'icon': {'prefix': 'https://ss3.4sqi.net/img/categories_v2/food/dessert_', 'suffix': '.png'}}, {'id': 13065, 'name': 'Restaurant', 'short_name': 'Restaurant', 'plural_name': 'Restaurants', 'icon': {'prefix': 'https://ss3.4sqi.net/img/categories_v2/food/default_', 'suffix': '.png'}}]",[],Unsure,876,/v3/places/58e933b154073d7d2d4b014b,Bentonville Baking Company,America/Chicago,36.367405,-94.203532,36.367405,-94.203532,406 SE 5th St,50070205012042,US,Fort Smith-Fay-Sprngdl,"406 SE 5th St, Bentonville, AR 72712",Bentonville,72712,AR,,,,,,,,,,3,,3,Walmart Welcome Center,-94.19446,36.36442,4,3
4f325e9819836c91c7d10d37,"[{'id': 13065, 'name': 'Restaurant', 'short_name': 'Restaurant', 'plural_name': 'Restaurants', 'icon': {'prefix': 'https://ss3.4sqi.net/img/categories_v2/food/default_', 'suffix': '.png'}}]",[],LikelyOpen,880,/v3/places/4f325e9819836c91c7d10d37,The Ice House of Bentonville,America/Chicago,36.367405,-94.203532,36.367405,-94.203532,406 SE 5th St,50070205012042,US,Fort Smith-Fay-Sprngdl,"406 SE 5th St, Bentonville, AR 72712",Bentonville,72712,AR,,,,,,,,,,3,,3,Walmart Welcome Center,-94.19446,36.36442,4,3
5be33e775ba046002c1f2804,"[{'id': 13031, 'name': 'Burger Joint', 'short_name': 'Burgers', 'plural_name': 'Burger Joints', 'icon': {'prefix': 'https://ss3.4sqi.net/img/categories_v2/food/burger_', 'suffix': '.png'}}, {'id': 13049, 'name': 'Diner', 'short_name': 'Diner', 'plural_name': 'Diners', 'icon': {'prefix': 'https://ss3.4sqi.net/img/categories_v2/food/diner_', 'suffix': '.png'}}, {'id': 13334, 'name': 'Sandwich Spot', 'short_name': 'Sandwich Spot', 'plural_name': 'Sandwich Spots', 'icon': {'prefix': 'https://ss3.4sqi.net/img/categories_v2/food/deli_', 'suffix': '.png'}}]",[],Unsure,939,/v3/places/5be33e775ba046002c1f2804,The Station Cafe,America/Chicago,36.36636,-94.204679,36.36636,-94.204679,409 SE 6th St,50070205042003,US,Fort Smith-Fay-Sprngdl,"409 SE 6th St, Bentonville, AR 72712",Bentonville,72712,AR,,,,,,,,,,3,,3,Walmart Welcome Center,-94.19446,36.36442,4,3
d922b8e800d54d9553957469,"[{'id': 13303, 'name': 'Mexican Restaurant', 'short_name': 'Mexican', 'plural_name': 'Mexican Restaurants', 'icon': {'prefix': 'https://ss3.4sqi.net/img/categories_v2/food/mexican_', 'suffix': '.png'}}, {'id': 13342, 'name': 'Soup Spot', 'short_name': 'Soup Spot', 'plural_name': 'Soup Spots', 'icon': {'prefix': 'https://ss3.4sqi.net/img/categories_v2/food/soup_', 'suffix': '.png'}}]",[],VeryLikelyOpen,942,/v3/places/d922b8e800d54d9553957469,Don Tomi Tacos,America/Chicago,36.356062,-94.196248,36.356062,-94.196248,1100 SE 14th St,50070205033011,US,Fort Smith-Fay-Sprngdl,"1100 SE 14th St, Bentonville, AR 72712",Bentonville,72712,AR,Ste 10,,,,,,,,,3,,3,Walmart Welcome Center,-94.19446,36.36442,4,3
4f3261cd19836c91c7d24cb2,"[{'id': 13000, 'name': 'Dining and Drinking', 'short_name': 'Dining and Drinking', 'plural_name': 'Dining and Drinking', 'icon': {'prefix': 'https://ss3.4sqi.net/img/categories_v2/food/default_', 'suffix': '.png'}}]",[],LikelyOpen,942,/v3/places/4f3261cd19836c91c7d24cb2,Chick'n and Papas,America/Chicago,36.356062,-94.196248,36.356062,-94.196248,1100 SE 14th St,50070205033011,US,Fort Smith-Fay-Sprngdl,"1100 SE 14th St, Bentonville, AR 72712",Bentonville,72712,AR,,,,,,,,,,3,,3,Walmart Welcome Center,-94.19446,36.36442,4,3
4b4e88eaf964a520c1f026e3,"[{'id': 13276, 'name': 'Sushi Restaurant', 'short_name': 'Sushi', 'plural_name': 'Sushi Restaurants', 'icon': {'prefix': 'https://ss3.4sqi.net/img/categories_v2/food/sushi_', 'suffix': '.png'}}, {'id': 13289, 'name': 'Korean Restaurant', 'short_name': 'Korean', 'plural_name': 'Korean Restaurants', 'icon': {'prefix': 'https://ss3.4sqi.net/img/categories_v2/food/korean_', 'suffix': '.png'}}]",[],Unsure,942,/v3/places/4b4e88eaf964a520c1f026e3,Samurai Restaurant,America/Chicago,36.356062,-94.196248,36.356062,-94.196248,1100 SE 14th St,50070205033011,US,Fort Smith-Fay-Sprngdl,"1100 SE 14th St, Bentonville, AR 72712",Bentonville,72712,AR,Ste 14,,,,,,,,,3,,3,Walmart Welcome Center,-94.19446,36.36442,4,3
4b2e63a4f964a5204bdf24e3,"[{'id': 13236, 'name': 'Italian Restaurant', 'short_name': 'Italian', 'plural_name': 'Italian Restaurants', 'icon': {'prefix': 'https://ss3.4sqi.net/img/categories_v2/food/italian_', 'suffix': '.png'}}]",[],Unsure,942,/v3/places/4b2e63a4f964a5204bdf24e3,Bella Napoli,America/Chicago,36.356018,-94.196185,36.356018,-94.196185,1100 SE 14th St,50070205033011,US,Fort Smith-Fay-Sprngdl,"1100 SE 14th St, Bentonville, AR 72712",Bentonville,72712,AR,Ste 6,,,,,,,,,3,,3,Walmart Welcome Center,-94.19446,36.36442,4,3
4b560034f964a52046fb27e3,"[{'id': 13199, 'name': 'Indian Restaurant', 'short_name': 'Indian', 'plural_name': 'Indian Restaurants', 'icon': {'prefix': 'https://ss3.4sqi.net/img/categories_v2/food/indian_', 'suffix': '.png'}}]",[],Unsure,942,/v3/places/4b560034f964a52046fb27e3,Aroma,America/Chicago,36.356062,-94.196248,36.356062,-94.196248,1100 SE 14th St,50070205033011,US,Fort Smith-Fay-Sprngdl,"1100 SE 14th St, Bentonville, AR 72712",Bentonville,72712,AR,Ste 4,,,,,,,,,3,,3,Walmart Welcome Center,-94.19446,36.36442,4,3
4f32671819836c91c7d45612,"[{'id': 13000, 'name': 'Dining and Drinking', 'short_name': 'Dining and Drinking', 'plural_name': 'Dining and Drinking', 'icon': {'prefix': 'https://ss3.4sqi.net/img/categories_v2/food/default_', 'suffix': '.png'}}]",[],LikelyOpen,942,/v3/places/4f32671819836c91c7d45612,Sandwiches,America/Chicago,36.356062,-94.196248,36.356062,-94.196248,1100 SE 14th St,50070205033011,US,Fort Smith-Fay-Sprngdl,"1100 SE 14th St, Bentonville, AR 72712",Bentonville,72712,AR,,,,,,,,,,3,,3,Walmart Welcome Center,-94.19446,36.36442,4,3
587bc0c5409f5656d25dbde5,"[{'id': 13000, 'name': 'Dining and Drinking', 'short_name': 'Dining and Drinking', 'plural_name': 'Dining and Drinking', 'icon': {'prefix': 'https://ss3.4sqi.net/img/categories_v2/food/default_', 'suffix': '.png'}}, {'id': 13333, 'name': 'Salvadoran Restaurant', 'short_name': 'Salvadoran', 'plural_name': 'Salvadoran Restaurants', 'icon': {'prefix': 'https://ss3.4sqi.net/img/categories_v2/food/latinamerican_', 'suffix': '.png'}}]",[],LikelyOpen,943,/v3/places/587bc0c5409f5656d25dbde5,Little Beans,America/Chicago,36.356018,-94.196185,36.356018,-94.196185,1100 SE 14th St,50070205033011,US,Fort Smith-Fay-Sprngdl,"1100 SE 14th St, Bentonville, AR 72712",Bentonville,72712,AR,Ste 10,,,,,,,,,3,,3,Walmart Welcome Center,-94.19446,36.36442,4,3
55ae6dc0498e84b49bcb2493,"[{'id': 13352, 'name': 'Thai Restaurant', 'short_name': 'Thai', 'plural_name': 'Thai Restaurants', 'icon': {'prefix': 'https://ss3.4sqi.net/img/categories_v2/food/thai_', 'suffix': '.png'}}]",[],Unsure,946,/v3/places/55ae6dc0498e84b49bcb2493,Thai Cuisine,America/Chicago,36.356018,-94.196185,36.356018,-94.196185,1100 SE 14th St,50070205033011,US,Fort Smith-Fay-Sprngdl,"1100 SE 14th St, Bentonville, AR 72712",Bentonville,72712,AR,Ste 8,,,,,,,,,3,,3,Walmart Welcome Center,-94.19446,36.36442,4,3
503c2786011348864474c00a,"[{'id': 13199, 'name': 'Indian Restaurant', 'short_name': 'Indian', 'plural_name': 'Indian Restaurants', 'icon': {'prefix': 'https://ss3.4sqi.net/img/categories_v2/food/indian_', 'suffix': '.png'}}]",[],VeryLikelyOpen,946,/v3/places/503c2786011348864474c00a,Kirpa Indian Cuisine,America/Chicago,36.356062,-94.196248,36.356062,-94.196248,1100 SE 14th St,50070205033011,US,Fort Smith-Fay-Sprngdl,"1100 SE 14th St, Bentonville, AR 72712",Bentonville,72712,AR,Ste 4,,,,,,,,,3,,3,Walmart Welcome Center,-94.19446,36.36442,4,3
5e0910a80f0aad0008b57797,"[{'id': 13034, 'name': 'Café', 'short_name': 'Café', 'plural_name': 'Cafés', 'icon': {'prefix': 'https://ss3.4sqi.net/img/categories_v2/food/cafe_', 'suffix': '.png'}}, {'id': 13035, 'name': 'Coffee Shop', 'short_name': 'Coffee Shop', 'plural_name': 'Coffee Shops', 'icon': {'prefix': 'https://ss3.4sqi.net/img/categories_v2/food/coffeeshop_', 'suffix': '.png'}}, {'id': 13065, 'name': 'Restaurant', 'short_name': 'Restaurant', 'plural_name': 'Restaurants', 'icon': {'prefix': 'https://ss3.4sqi.net/img/categories_v2/food/default_', 'suffix': '.png'}}]",[],LikelyOpen,948,/v3/places/5e0910a80f0aad0008b57797,The Meteor Cafe,America/Chicago,36.36806,-94.204048,36.36806,-94.204048,401 SE D St,50070205012035,US,Fort Smith-Fay-Sprngdl,"401 SE D St, Bentonville, AR 72712",Bentonville,72712,AR,,,36.368065,-94.204379,,,,,,3,,3,Walmart Welcome Center,-94.19446,36.36442,4,3
c039af25cd694d8b05510a65,"[{'id': 13199, 'name': 'Indian Restaurant', 'short_name': 'Indian', 'plural_name': 'Indian Restaurants', 'icon': {'prefix': 'https://ss3.4sqi.net/img/categories_v2/food/indian_', 'suffix': '.png'}}]",[],VeryLikelyOpen,492,/v3/places/c039af25cd694d8b05510a65,Indian Dhaba at NWA,,36.365352,-94.199843,36.365352,-94.199843,801 SE 8th St,50070205042000,US,Fort Smith-Fay-Sprngdl,"801 SE 8th St, Bentonville, AR 72712",Bentonville,72712,AR,,,,,,,,,,3,,3,Walmart Welcome Center,-94.19446,36.36442,4,3
2972838cf71545bf3ce6c6f4,"[{'id': 13029, 'name': 'Brewery', 'short_name': 'Brewery', 'plural_name': 'Breweries', 'icon': {'prefix': 'https://ss3.4sqi.net/img/categories_v2/food/brewery_', 'suffix': '.png'}}, {'id': 13065, 'name': 'Restaurant', 'short_name': 'Restaurant', 'plural_name': 'Restaurants', 'icon': {'prefix': 'https://ss3.4sqi.net/img/categories_v2/food/default_', 'suffix': '.png'}}]",[],VeryLikelyOpen,492,/v3/places/2972838cf71545bf3ce6c6f4,Bike Rack Brewing,,36.365352,-94.199843,36.365352,-94.199843,801 SE 8th St,50070205042000,US,Fort Smith-Fay-Sprngdl,"801 SE 8th St, Bentonville, AR 72712",Bentonville,72712,AR,,,,,,,,,,3,,3,Walmart Welcome Center,-94.19446,36.36442,4,3
c41d467450ba4ec5f58d7fd4,"[{'id': 13000, 'name': 'Dining and Drinking', 'short_name': 'Dining and Drinking', 'plural_name': 'Dining and Drinking', 'icon': {'prefix': 'https://ss3.4sqi.net/img/categories_v2/food/default_', 'suffix': '.png'}}]",[],VeryLikelyOpen,492,/v3/places/c41d467450ba4ec5f58d7fd4,The Happy Wagon Bentonville,,36.365352,-94.199843,36.365352,-94.199843,801 SE 8th St,50070205042000,US,Fort Smith-Fay-Sprngdl,"801 SE 8th St, Bentonville, AR 72712",Bentonville,72712,AR,,,,,,,,,,3,,3,Walmart Welcome Center,-94.19446,36.36442,4,3
4bc14fb30d694e9eb12d40e7,"[{'id': 13065, 'name': 'Restaurant', 'short_name': 'Restaurant', 'plural_name': 'Restaurants', 'icon': {'prefix': 'https://ss3.4sqi.net/img/categories_v2/food/default_', 'suffix': '.png'}}]",[],VeryLikelyOpen,492,/v3/places/4bc14fb30d694e9eb12d40e7,Roll & Fold,,36.365352,-94.199843,36.365352,-94.199843,801 SE 8th St,50070205042000,US,Fort Smith-Fay-Sprngdl,"801 SE 8th St, Bentonville, AR 72712",Bentonville,72712,AR,,,,,,,,,,3,,3,Walmart Welcome Center,-94.19446,36.36442,4,3
f09b44cd739742b29ee26a1d,"[{'id': 13032, 'name': 'Cafe, Coffee, and Tea House', 'short_name': 'Cafe, Coffee, and Tea House', 'plural_name': 'Cafes, Coffee, and Tea Houses', 'icon': {'prefix': 'https://ss3.4sqi.net/img/categories_v2/food/coffeeshop_', 'suffix': '.png'}}, {'id': 13065, 'name': 'Restaurant', 'short_name': 'Restaurant', 'plural_name': 'Restaurants', 'icon': {'prefix': 'https://ss3.4sqi.net/img/categories_v2/food/default_', 'suffix': '.png'}}]",[],VeryLikelyOpen,492,/v3/places/f09b44cd739742b29ee26a1d,Triple Eight Hashery,,36.365288,-94.199856,36.365288,-94.199856,801 SE 8th St,50070205042000,US,Fort Smith-Fay-Sprngdl,"801 SE 8th St, Bentonville, AR 72712",Bentonville,72712,AR,,,,,,,,,,3,,3,Walmart Welcome Center,-94.19446,36.36442,4,3
1340f2af29694e728090233c,"[{'id': 13133, 'name': 'Colombian Restaurant', 'short_name': 'Colombian', 'plural_name': 'Colombian Restaurants', 'icon': {'prefix': 'https://ss3.4sqi.net/img/categories_v2/food/argentinian_', 'suffix': '.png'}}]",[],Unsure,492,/v3/places/1340f2af29694e728090233c,La Fonda Colombian Restaurant,,36.365352,-94.199843,36.365352,-94.199843,801 SE 8th St,50070205042000,US,Fort Smith-Fay-Sprngdl,"801 SE 8th St, Bentonville, AR 72712",Bentonville,72712,AR,,,,,,,,,,3,,3,Walmart Welcome Center,-94.19446,36.36442,4,3
e5f8d02089336dd2c065bfa5,"[{'id': 13065, 'name': 'Restaurant', 'short_name': 'Restaurant', 'plural_name': 'Restaurants', 'icon': {'prefix': 'https://ss3.4sqi.net/img/categories_v2/food/default_', 'suffix': '.png'}}]",[],Unsure,494,/v3/places/e5f8d02089336dd2c065bfa5,Island Vibes,,36.364706,-94.199974,36.364706,-94.199974,801 SE 8th St,50070205042000,US,Fort Smith-Fay-Sprngdl,"801 SE 8th St, Bentonville, AR 72712",Bentonville,72712,AR,,,,,,,,,,3,,3,Walmart Welcome Center,-94.19446,36.36442,4,3
e6286438459cb0870b296ceb,"[{'id': 13002, 'name': 'Bakery', 'short_name': 'Bakery', 'plural_name': 'Bakeries', 'icon': {'prefix': 'https://ss3.4sqi.net/img/categories_v2/food/bakery_', 'suffix': '.png'}}]",[],VeryLikelyOpen,498,/v3/places/e6286438459cb0870b296ceb,Sandi Sue’s Gluten Free Bakery,,36.365202,-94.199945,36.365202,-94.199945,801 SE 8th St,50070205042000,US,Fort Smith-Fay-Sprngdl,"801 SE 8th St, Bentonville, AR 72712",Bentonville,72712,AR,,,,,,,,,,3,,3,Walmart Welcome Center,-94.19446,36.36442,4,3
db593ef4f8024a3d46f4d75f,"[{'id': 13000, 'name': 'Dining and Drinking', 'short_name': 'Dining and Drinking', 'plural_name': 'Dining and Drinking', 'icon': {'prefix': 'https://ss3.4sqi.net/img/categories_v2/food/default_', 'suffix': '.png'}}]",[],Unsure,569,/v3/places/db593ef4f8024a3d46f4d75f,Kind Kitchen,,36.36411,-94.200814,,,801 SE 8th St,50070205042000,US,Fort Smith-Fay-Sprngdl,"801 SE 8th St, Bentonville, AR 72712",Bentonville,72712,AR,,,36.363991,-94.200821,,,,,,3,,3,Walmart Welcome Center,-94.19446,36.36442,4,3
2b43bbc2cdc340344b58deae,"[{'id': 13035, 'name': 'Coffee Shop', 'short_name': 'Coffee Shop', 'plural_name': 'Coffee Shops', 'icon': {'prefix': 'https://ss3.4sqi.net/img/categories_v2/food/coffeeshop_', 'suffix': '.png'}}]",[],VeryLikelyOpen,768,/v3/places/2b43bbc2cdc340344b58deae,Onyx Coffee Lab,,36.366552,-94.202625,36.366552,-94.202625,507 SE E St,50070205042000,US,Fort Smith-Fay-Sprngdl,"507 SE E St, Bentonville, AR 72712",Bentonville,72712,AR,,,,,,,,,,3,,3,Walmart Welcome Center,-94.19446,36.36442,4,3
8adb4a12e9a043b59026ee4b,"[{'id': 13031, 'name': 'Burger Joint', 'short_name': 'Burgers', 'plural_name': 'Burger Joints', 'icon': {'prefix': 'https://ss3.4sqi.net/img/categories_v2/food/burger_', 'suffix': '.png'}}, {'id': 13334, 'name': 'Sandwich Spot', 'short_name': 'Sandwich Spot', 'plural_name': 'Sandwich Spots', 'icon': {'prefix': 'https://ss3.4sqi.net/img/categories_v2/food/deli_', 'suffix': '.png'}}]",[],VeryLikelyOpen,939,/v3/places/8adb4a12e9a043b59026ee4b,TABLE on 6th,,36.36636,-94.204679,36.36636,-94.204679,409 SE 6th St,50070205042003,US,Fort Smith-Fay-Sprngdl,"409 SE 6th St, Bentonville, AR 72712",Bentonville,72712,AR,,,36.366126,-94.204679,,,,,,3,,3,Walmart Welcome Center,-94.19446,36.36442,4,3
97bd77adc38a4425ce4578ea,"[{'id': 13334, 'name': 'Sandwich Spot', 'short_name': 'Sandwich Spot', 'plural_name': 'Sandwich Spots', 'icon': {'prefix': 'https://ss3.4sqi.net/img/categories_v2/food/deli_', 'suffix': '.png'}}]",[],Unsure,943,/v3/places/97bd77adc38a4425ce4578ea,Grill 102,,36.356038,-94.196109,36.356038,-94.196109,1100 SE 14th St,50070205033011,US,Fort Smith-Fay-Sprngdl,"1100 SE 14th St, Bentonville, AR 72712",Bentonville,72712,AR,Ste 10,,,,,,,,,3,,3,Walmart Welcome Center,-94.19446,36.36442,4,3
572ca58d498e602b42fc4ec0,"[{'id': 13064, 'name': 'Pizzeria', 'short_name': 'Pizza', 'plural_name': 'Pizzerias', 'icon': {'prefix': 'https://ss3.4sqi.net/img/categories_v2/food/pizza_', 'suffix': '.png'}}, {'id': 17029, 'name': 'Convenience Store', 'short_name': 'Convenience Store', 'plural_name': 'Convenience Stores', 'icon': {'prefix': 'https://ss3.4sqi.net/img/categories_v2/shops/conveniencestore_', 'suffix': '.png'}}, {'id': 19007, 'name': 'Fuel Station', 'short_name': 'Fuel Station', 'plural_name': 'Fuel Stations', 'icon': {'prefix': 'https://ss3.4sqi.net/img/categories_v2/shops/gas_', 'suffix': '.png'}}]","[{'id': '16d056a0-992b-0132-fd75-7a163eb2a6fc', 'name': ""Casey's General Store""}]",VeryLikelyOpen,474,/v3/places/572ca58d498e602b42fc4ec0,Casey's General Store,America/Chicago,36.342194,-94.196673,,,2801 SE J St,50070205031008,US,Fort Smith-Fay-Sprngdl,"2801 SE J St (SE 28th St), Bentonville, AR 72712",Bentonville,72712,AR,,SE 28th St,,,,,,,,4,,4,Walmart Training / Redbird Office Building,-94.19562,36.34648,6,6
5810e0ab38fab65ba88b7db9,"[{'id': 13003, 'name': 'Bar', 'short_name': 'Bar', 'plural_name': 'Bars', 'icon': {'prefix': 'https://ss3.4sqi.net/img/categories_v2/nightlife/pub_', 'suffix': '.png'}}]",[],Unsure,251,/v3/places/5810e0ab38fab65ba88b7db9,Dance King Productions,America/Chicago,36.348019,-94.197728,36.348019,-94.197728,2200 SE J St,50070205032009,US,Fort Smith-Fay-Sprngdl,"2200 SE J St, Bentonville, AR 72712",Bentonville,72712,AR,Ste 8,,,,,,,,,4,,4,Walmart Training / Redbird Office Building,-94.19562,36.34648,6,6
4f442ae019836ed00192a882,"[{'id': 13025, 'name': 'Wine Bar', 'short_name': 'Wine Bar', 'plural_name': 'Wine Bars', 'icon': {'prefix': 'https://ss3.4sqi.net/img/categories_v2/food/winery_', 'suffix': '.png'}}]",[],LikelyOpen,295,/v3/places/4f442ae019836ed00192a882,Coors Brewing Co.,America/Chicago,36.345581,-94.192534,36.345581,-94.192534,2700 SE Otis Corley Dr,50070205031005,US,Fort Smith-Fay-Sprngdl,"2700 SE Otis Corley Dr, Bentonville, AR 72712",Bentonville,72712,AR,,,,,,,,,,4,,4,Walmart Training / Redbird Office Building,-94.19562,36.34648,6,6
4f3274f519836c91c7d9a735,"[{'id': 13025, 'name': 'Wine Bar', 'short_name': 'Wine Bar', 'plural_name': 'Wine Bars', 'icon': {'prefix': 'https://ss3.4sqi.net/img/categories_v2/food/winery_', 'suffix': '.png'}}]",[],LikelyOpen,412,/v3/places/4f3274f519836c91c7d9a735,Constellation Wines,America/Chicago,36.34332,-94.193207,36.34332,-94.193207,1211 SE 28th St,50070205031005,US,Fort Smith-Fay-Sprngdl,"1211 SE 28th St, Bentonville, AR 72712",Bentonville,72712,AR,Ste 5,,,,,,,,,4,,4,Walmart Training / Redbird Office Building,-94.19562,36.34648,6,6
4c371c7d3849c928b611bdb1,"[{'id': 13034, 'name': 'Café', 'short_name': 'Café', 'plural_name': 'Cafés', 'icon': {'prefix': 'https://ss3.4sqi.net/img/categories_v2/food/cafe_', 'suffix': '.png'}}]",[],Unsure,809,/v3/places/4c371c7d3849c928b611bdb1,The Gathering Place,America/Chicago,36.346223,-94.186574,36.346223,-94.186574,,50070205031014,US,Fort Smith-Fay-Sprngdl,"Bentonville, AR 72712",Bentonville,72712,AR,,,,,,,,,,4,,4,Walmart Training / Redbird Office Building,-94.19562,36.34648,6,6
4d8746895e70224b58ef4509,"[{'id': 13035, 'name': 'Coffee Shop', 'short_name': 'Coffee Shop', 'plural_name': 'Coffee Shops', 'icon': {'prefix': 'https://ss3.4sqi.net/img/categories_v2/food/coffeeshop_', 'suffix': '.png'}}]",[],Unsure,810,/v3/places/4d8746895e70224b58ef4509,Idea Perk,America/Chicago,36.346223,-94.186574,36.346223,-94.186574,Simple Savings Dr,50070205031014,US,Fort Smith-Fay-Sprngdl,"Simple Savings Dr, Bentonville, AR 72712",Bentonville,72712,AR,,,,,,,,,,4,,4,Walmart Training / Redbird Office Building,-94.19562,36.34648,6,6
2e3c8e6e95ff41061880ad62,"[{'id': 11025, 'name': 'Child Care Service', 'short_name': 'Child Care', 'plural_name': 'Child Care Services', 'icon': {'prefix': 'https://ss3.4sqi.net/img/categories_v2/shops/daycare_', 'suffix': '.png'}}, {'id': 12009, 'name': 'Education', 'short_name': 'Education', 'plural_name': 'Education', 'icon': {'prefix': 'https://ss3.4sqi.net/img/categories_v2/building/school_', 'suffix': '.png'}}, {'id': 12097, 'name': 'Social Club', 'short_name': 'Social Club', 'plural_name': 'Social Clubs', 'icon': {'prefix': 'https://ss3.4sqi.net/img/categories_v2/building/default_', 'suffix': '.png'}}, {'id': 13003, 'name': 'Bar', 'short_name': 'Bar', 'plural_name': 'Bars', 'icon': {'prefix': 'https://ss3.4sqi.net/img/categories_v2/nightlife/pub_', 'suffix': '.png'}}]",[],Unsure,760,/v3/places/2e3c8e6e95ff41061880ad62,Club Infiniti,,36.34779,-94.203965,,,305 SE 22nd St,50070205032009,US,Fort Smith-Fay-Sprngdl,"305 SE 22nd St, Bentonville, AR 72712",Bentonville,72712,AR,,,,,,,,,,4,,4,Walmart Training / Redbird Office Building,-94.19562,36.34648,6,6
